KEY,English,Deutsch,Français,Italiano,Spanish,Portuguese (Euro),Portuguese (Brazil),Polish,Russian,Japanese,Chinese (simplified),Chinese (traditional),Korean,Turkish,Greek,Dutch,Vietnamese
groupDecoBlocks,Decoration Blocks & Skins,Dekorationsblöcke & Skins,Blocs décoratifs,Blocchi Decorativi,Bloques de decoración,Blocos Decorativos,Blocos Decorativos,Bloki dekoracyjne (grupa),Декоративные блоки,装飾ブロック,装饰方块组,裝飾方塊,장식 블록,Dekorasyon Blokları,Διακοσμητικά Μπλοκ,Decoratie blokken,Các khối trang trí
mnuRespawnHomeInfo,Respawn at your home base on {0}.\n[c][1eab11]This is a safe option for respawning.[-][/c],Auf deiner Heimatbasis auf {0} spawnen.\n[c][1eab11]Dies ist eine sichere respawn Option.[-][/c],Réapparaître dans votre base principale sur {0},Ricompari nella tua base su {0}.\n[c][1eab11]Luogo Sicuro.[-][/c],Regenérate en tu base hogar en {0}.\n[c][1eab11]Esto es un modo seguro de regenerarse.[-][\c],Reproduzir na sua base de operação em {0}.\n[c][1eab11]Esta é uma opção segura para a reprodução.[-][/c],Renascer na sua casa em {0}.\n[c][1eab11]Este é um local seguro para renascer.[-][/c],Odrodzenie się w swojej bazie na {0}.\n[c][1eab11]Jest to bezpieczna opcja odrodzenia.[-][/c],Возрождение на основной базе через {0}.\n[c][1eab11]Это безопасный вариант для возрождения.[-][/c],{0}にあなたの自宅でリ作成します。\n[c][1eab11]これは復活時の安全な手段です。.[-][/c],在你的基地{0}重生。\n[c][1eab11]这是个安全的重生选项。[-][/c],重生於你在{0}的主基地。\n[c][1eab11]這是安全的重生選擇。[-][/c],{0}에 대한 본거지에서 부활하십시오.\n[c][1eab11]이것은 부활에 대한 안전한 옵션입니다.[-][/c],{0} buradaki Ana Üssünüzde doğun.\n[c][1eab11]bu doğmanız için güvenli bir seçenektir.[-][/c],Επαναδημιουργία στη βάση σου στο {0}.\n[c][1eab11]Αυτή είναι μία ασφαλής επιλογή για επαναδημιουργία.[-][/c],Respawn op jouw thuisbasis op {0}. \ N [c] [1eab11] Dit is een veilige optie voor respawnen. [-] [/ c],Hồi sinh tại cơ sở nhà của bạn vào {0}. \ N [c] [1ables11] Đây là một tùy chọn an toàn để hồi sinh. [-] [/ c]
mnuRespawnHomeMoving,Your home base may not move,Deine Heimatbasis darf sich nicht bewegen,Votre base principale ne peut pas être déplacée,La tua base non può muoversi,Tu base hogar no se moverá,A base de operação não pode mexer-se,Sua casa talvez não se mova,Twoja baza nie może się ruszać,Ваша основная база не может двигаться,ホームには戻れません,你的基地不可移动,你的主基地無法移動,본거지가 움직이지 않을 수 있습니다.,Ana Üssünüz hareket etmeyebilir,Η βάση σου δεν μπορεί να μετακινηθεί,Jouw thuisbasis mag niet bewegen,Cơ sở nhà của bạn có thể không di chuyển
mnuRespawnHomeNoSpawnPoint,Your home base has no medic station,Deine Heimatbasis hat keine Medizinstation,Votre base principale n'a pas de Station médicale,La tua base non ha nessuna stazione medica,Tu base hogar no tiene estación médica,A base de operação não tem posto médico,Sua casa como base não tem uma Estação Médica,Twoja baza nie ma Stacji Medycznej,Ваша основная база не имеет медицинской станции,ホームにはメディカルステーションがありません,你的基地没有医疗站,你的主基地沒有醫療站,해당 본거지에 메딕 스테이션이 없습니다.,Ana Üssünüzde Sağlık Merkezi yok.,Η βάση σου δεν έχει Ιατρικό Σταθμό,Jouw thuisbasis heeft geen medisch station,Cơ sở nhà bạn không có trạm cứu thương
mnuRespawnHomeUndef,Cannot spawn on your home base,Kann nicht auf deiner Heimatbasis spawnen,Ne peut être généré sur votre base principale,Non puoi rigenerarti nella tua base,No puedes regenerarte en tu base hogar,Não pode produzir na base de operação,Não pode renascer na sua casa,Nie możesz odrodzić się w swojej bazie,Невозможно возродиться на вашей основной базе,ホームベースに作成することはできません,不能在你的基地重生,無法在主基地出生,본거지에 대해 스폰할 수 없습니다.,Ana Üssünüzde doğamazsınız,Δεν μπορεί να δημιουργηθεί στην βάση σου,Je kan niet spawnen op jouw thuisbasis,Không thể hồi sinh trên cơ sở nhà của bạn
mnuRespawnNotFound,Your home base was not found,Deine Heimatbasis wurde nicht gefunden,Votre base principale n'a pas été trouvée,Impossibile trovare la tua base,Tu base hogar no ha sido encontrada,A base de operação não foi encontrada,Sua casa não foi encontrada,Twoja baza nie została znaleziona,Ваша основная база не найдена,ホームベースは見つかりませんでした,无法找到你的基地,未找到你的主基地,본거지가 없습니다.,Ana Üssünüz bulunamadı,Η βάση σου δεν βρέθηκε,Jouw thuisbasis was niet gevonden,Cơ sở nhà của bạn không được tìm thấy
mnuRespawnWrongFaction,Your home base has the wrong faction,Deine Heimatbasis hat die falsche Fraktion,Votre base principale appartient à la mauvaise faction,La tua base ha la fazione sbagliata,Tu base hogar tiene la facción equivocada,A base de operação tem a fação errada,Sua casa como base esta na facção errada,Twoja baza ma niewłaściwy sojusz,Ваша основная база имеет неправильную фракцию,ホームベースに違う勢力が存在する,你的基地派系与你不符,你的主基地陣營錯誤,해당 본거지에 잘못된 진영이 있습니다.,Ana Üssünüzün Grubu yanlış,Η βάση σου έχει την λάθος φατρία,Jouw thuisbasis heeft de verkeerde faction,
mnuRespFreshStartTitle,Respawn on Starter Planet,Kehre zum Starter Planet zurück,Recommencer la partie à zéro,Nuovo Inizio,Empezar de cero,Começar de novo,Iniciar do Zero,Nowy początek,Бодрый старт,フレッシュスタート,新的出生点,嶄新開始,새로 시작,Taze Başlangıç,Καινούρια αρχή,Opnieuw beginnen,Khởi đầu mới
mnuRespHomeTitle,Home Base,Heimatbasis,Base principale,Base,Base Hogar,Base de Operação,Base como Casa,Baza,Основная база,ホームベース,基地,主基地,본거지,Ana Üss,Αρχική Βάση,Thuisbasis,Căn cứ
mnuRespLocalDesc,Respawn near your death location.\n[c][d23b18]WARNING: You might re-spawn in deadly environment again.[-][/c],In der Nähe deines Sterbeorts spawnen.\n[c][d23b18]WARNUNG: Du kannst in tödlicher Umgebung respawnen.[-][/c],Réapparaître près du point où vous avez été tué,Ricompari vicino al luogo dove sei morto.\n[c][d23b18]ATTENZIONE: Luogo Potenzialmente Pericoloso.[-][/c],Reaparecer cerca de tu localización de muerte.\n[c][d23b18]ADVERTENCIA: Es posible que te regeneres de nuevo en un ambiente mortífero.[-][/c],Reproduzir perto do local do óbito.\n[c][d23b18]AVISO: Pode reproduzir novamente em ambiente mortífero.[-][/c],Renascer próximo ao local da sua morte.\n[c][d23b18]ATENÇÃO: Você poderá renascer em um local perigoso novamente.[-][/c],Odrodzenie się w pobliżu miejsca śmierci.\n[c][d23b18]OSTRZEŻENIE: Możesz znaleźć się w śmiertelnie niebezpiecznym otoczeniu[-][/c],Возродиться рядом с местом вашей смерти.\n[c][d23b18]ПРЕДУПРЕЖДЕНИЕ: Вы можете снова появиться в опасной зоне.[-][/c],死亡したキャラクター付近で復活します \n[c][d23b18]WARNING:致命的な環境で再び生き返るかもしれない[-][/c],在你死亡的位置附近重生。\n[c][d23b18]警告:你可能再一次在处于危险环境中，很大可能被守尸。[-][/c],在死亡地點附近重生。\n[c][d23b18]警告：你可能會再度置身於危險環境中。[-][/c],사망 위치 근처에서 부활하십시오.\n[c][d23b18]경고: 치명적인 환경에서 부활할 수 있습니다.[-][/c],Öldüğünüz yerin yakınında doğun.\n[c][d23b18]UYARI: Tekrar ölümcül ortamda doğabilirsiniz.[-][/c],Δημιουργία κοντά στην τοποθεσία θανάτου.\n[c][d23b18]ΠΡΟΕΙΔΟΠΟΙΗΣΗ: Μπορεί να επαναδημιουργηθείς σε θανατηφόρο περιβάλλον.[-][/c],Respawn dichtbij je sterflocatie. \ N [c] [d23b18] WAARSCHUWING: je kunt opnieuw opnieuw spawnen in een dodelijke omgeving. [-] [/ c],Hồi sinh gần vị trí bạn đã chết.\n[c][d23b18]CẢNH BÁO: Có thể bạn sẽ chết một lần nữa nếu hồi sinh ở đây.[-][/c]
mnuStartWorldChangeDefault,You will respawn on {0}.\n[c][fdb100]This is a safe option for respawning.[-][/c],Du kehrst auf auf {0} zurück.\n[c][fdb100]Dies ist eine sichere respawn Option.[-][/c],Vous allez redémarrer le jeu sur {0}.,Ricomicerai la partita su {0}.,Reiniciarás el juego en {0}.,Irá recomeçar o jogo em {0}.,Você vai recomeçar o jogo em {0}.,Rozpoczniesz ponownie grę na {0}.,Вы перезапустите игру на {0}.,{0}でゲームを再開します。,你将会在{0}重新开始游戏。,將於{0}重新開始遊戲。,{0}에서 게임을 다시 시작합니다.,Oyunu burada {0} yeniden başlatacaksınız.,Θα ξεκινήσεις ξανά το παιχνίδι στον {0}.,Je start het spel opnieuw op {0}.,Bạn sẽ bắt đầu lại trò chơi vào {0}.
mnuStartWorldChangeEscapePod,You will respawn on {0} in your escape pod.\n[c][fdb100]This is a safe option for respawning.[-][/c],Du kehrst auf auf {0} in deiner Rettungskapsel zurück.\n[c][fdb100]Dies ist eine sichere respawn Option.[-][/c],Vous allez redémarrer le jeu sur {0} dans votre module de survie.,Ricomincerai nuovamente la partita su {0} nella tua Capsula di Salvataggio.,Reiniciarás el juego en en {0} en tu cápsula de escape.,Irá recomeçar o jogo em {0} na sua cápsula de saída.,Você vai recomeçar o jogo em {0} na Cápsula de Fuga.,"Rozpoczniesz ponownie grę na {0}, w kapsule ratunkowej.",Вы перезапустите игру на {0} в вашей спасательной капсуле.,{0}からゲームを再開します。,你将会在{0}的逃生舱内重新开始游戏。,您將在逃生艙裡於{0}重新開始遊戲。,탈출선에서 {0}에 대한 게임을 다시 시작합니다.,Oyunu burada {0} kaçış kapsülünüzün içinde yeniden başlatacaksınız.,Θα ξεκινήσεις ξανά το παιχνίδι στον {0} στο σκάφος διαφυγής.,"Je start de game opnieuw op, op {0} in je ontsnappingscapsule",Bạn sẽ khởi động lại trò chơi vào {0} trong nhóm thoát của bạn.
mnuStartWorldChangeStructure,You will respawn on {0} at {1}.\n[c][fdb100]This is a safe option for respawning.[-][/c],Du kehrst auf auf {0} in {1} zurück.\n[c][fdb100]Dies ist eine sichere respawn Option.[-][/c],Vous allez redémarrer le jeu sur sur {0} à {1}.,Ricomicerai la partita su {0} a {1}.,Reiniciarás el juego en {0} en {1}.,Irá recomeçar o jogo em {0} em {1}.,Você vai recomeçar o jogo em {0} em {1}.,Rozpoczniesz ponownie grę na {0} w {1}.,Вы перезапустите игру на {0} до {1}.,{1}の{0}でゲームを再開します。,你将会在{0}的{1}中重新开始游戏。,將以{1}重啟遊戲於{0}。,{1}에서 {0}에 대한 게임을 다시 시작합니다.,{0} üzerinde {1} konumunda oyunu yeniden başlatacaksınız.,Θα ξεκινήσεις ξανά το παιχνίδι στον {0} στο {1}.,"Je start de game opnieuw op, op {0} bij {1},",
mnuStartWorldWarning,[c][ff4040]Note: All other players will lose their inventory and get respawned with you.,[c][ff4040]Hinweis: Alle anderen Spieler verlieren ihre mitgeführten Gegenstände und werden mit dir versetzt.,[c] [ff4040] Remarque : Tous les autres joueurs vont perdre leur inventaire et réapparaître avec vous.,[c][ff4040]Nota: Tutti gli altri giocatori perderanno il loro inventario e ricompariranno insieme a te.,[c][ff4040]Nota: Todos los otros jugadores perderán su inventario y se regenerarán contigo.,[c][ff4040]Nota: Todos os restantes jogadores irão perder o seu inventário e serão recriados consigo.,[c][ff4040] Nota: Todos os outros jogadores perderão seu inventário e serão resgatados com você.,[c][ff4040]Uwaga: Wszyscy inni gracze utracą swój inwentarz i odrodzą się wraz z Tobą.,[c][ff4040]Сообщение: Все остальные игроки потеряют свой инвентарь и будут возрождены вместе с вами.,[c][ff4040]注:他のプレイヤーからあなたの情報は失われ、復活します。,[c][ff4040]注意:其他所有玩家将失去其背包并和你一起重生。,[c][ff4040]注意：其他玩家也將失去物品欄裡所有物品並與你一起重生。,[c][ff4040]주: 다른 모든 플레이어는 자신의 인벤토리를 잃어 버리고 당신과 함께 부활하게 됩니다.,[c][ff4040]Not: Diğer tüm oyuncular envanterlerini kaybedecek ve sizin yanınızda doğacaklar.,[c][ff4040]Σημείωση: Όλοι οι άλλοι παίχτες θα χάσουν το Inventory τους και θα δημιουργηθούν μαζί σου,[c] [ff4040] Opmerking: alle andere spelers verliezen hun inventaris en respawnen bij jou.,
lpsHWSPlusStart,HWS+ | The Era Of Elements,HWS+ | Die Ära Der Elemente,,,,,,,,,,,,,,,
FragGrenade,40mm Frag Grenade,40mm Fragmentierungsgranate,Grenade à fragmentation de 40 mm,Granata a frammentazione da 40 mm,Granada de fragmentación de 40 mm,,,,,,,,,,,,
PistolEpic,Pistol (Epic),Pistole (Episch),Pistolet (Epique),Pistola (Epica),Pistola (Épica),,Pistola Épica,Pistolet (epicki),Пистолет (Эпик),ハンドガン(Epic),史诗射弹手枪,,,Tabanca (Epik),Πιστόλι (Επικό),Versterkt projectiel pistool (T2),Súng lục nâng cấp (T2)
AssaultRifleEpic,Assault Rifle (Epic),Sturmgewehr (Episch),Fusil d'assaut (Epique),Fucile d'Assalto (Epico),Rifle de Asalto (Épico),,Rifle de Assalto Épico,Karabin (epicki),Штурмовая винтовка (Эпик),アサルトライフル(Epic),史诗突击步枪,,,Saldırı Tüfeği (Epik),Τουφέκι Επίθεσης (Επικό),Versterkt aanvalsgeweer (T2),Súng trường tấn công nâng cấp (T2)
Shotgun2Epic,Assault Shotgun (Epic),Sturmschrotflinte (Episch),Fusil à pompe d'assaut (Epique),Fucile a Pompa d'Assalto (Epico),Escopeta de Asalto (Épica),,Escopeta Épico,Strzelba (epicka),Штурмовой дробовик (Эпик),アサルトショットガン((Epic),史诗霰弹枪,,,Pompalı Tüfek (Epik),Shotgun Επίθεσης (Επικό),Versterkt jachtgeweer (T2),Súng shotgun nâng cấp (T2)
MinigunEpic,Laser Minigun (Epic),Laser Minigun (Episch),Mitrailleuse laser (Epique),Minigun Laser (Epica),Ametralladora Laser (Épica),,Metralhadora Épica,Laser minigun (epicki),Лазерный миниган (Эпик),ミニガン(Epic),史诗激光机枪,,,Minigun (Epik),Πιροβόλο Λέιζερ (Επικό),Versterkte minigun,Súng máy minigun nâng cấp
Sniper2Epic,Heavy Sniper Rifle (Epic),Schweres Scharfschützengewehr (Episch),Fusil sniper lourd (Epique),Fucile di Precisione Pesante (Epico),Rifle de Francotirador Pesado (Épico),,,Ciężki karabin snajperski (epicki),Тяжелая снайперская винтовка (Эпик),スナイパーライフル(Epic),史诗重型狙击步枪,,,Ağır Keskin Nişancı Tüfeği (Epik),Βαρύ Τουφέκι Sniper (Επικό),,
LaserRifleEpic,Laser Rifle (Epic),Lasergewehr (Episch),Fusil à plasma (Epique),Fucile al Plasma (Epico),Rifle de Plasma (Épico),,Rifle de Precisão Épico,Karabin plazmowy (epicki),Плазменная винтовка (Эпик),プラズマライフル(Epic),史诗等离子步枪,,,Plazma Tüfeği (Epik),Τουφέκι Πλάσματος (Επικό),Versterkt sluipschuttersgeweer (T2),Súng trường bắn tỉa nâng cao (T2)
PulseRifleEpic,Pulse Rifle (Epic),Pulsgewehr (Episch),Fusil à impulsion EM (Epique),Fucile a Impulsi EM (Epico),Rifle de Pulso (Épico),,Rifle de Pulso Épico,Karabin impulsowy (epicki),Импульсная винтовка (Эпик),パルスライフル(Epic),史诗脉冲步枪,,,Taramalı Tüfek (Epik),Παλμικό Τουφέκι ΕΜ (Επικό),Versterkt puls geweer (T2),
RocketLauncherEpic,Rocket Launcher (Epic),Raketenwerfer (Episch),Lance-roquettes (Epique),Lanciarazzi (Epico),Lanzacohetes (Épico),,Lança Foguetes Épico,Wyrzutnia rakiet (epicka),Ракетница (Эпик),ロケットランチャー(Epic),史诗火箭发射器,,,Roketatar (Epik),Εκτοξευτής Ρουκετών (Επικό),Verstekte raket lanceerder (T2),Súng phóng rocket nâng cấp (T2)
ScifiCannonEpic,Plasma Cannon (Epic),Plasmawerfer (Episch),Canon à plasma (Epique),Cannone al Plasma (Epico),Cañón de Plasma (Épico),,Canhão de Plasma Épico,Działko plazmowe (epickie),Плазменная пушка (Эпик),プラズマキャノン(Epic),史诗等离子加农炮,,,Plazma Topu (Epik),Κανόνι Πλάσματος (Επικό),Versterkt plasma kanon,Súng pháo plasma nâng cấp
PlasmaCannonAlien,Alien ION Gun,Alien ION Waffe,,,,,,,,,,,,,,,
PlasmaCannonAlienCharge,Alien ION Charge,Alien ION Ladung,,,,,,,,,,,,,,,
FastRocket,[c][00FF00]110mm MSL[-][/c],[c][00FF00]110mm Ungelenkte Rakete[-][/c],Roquette 130mm MSL,Missile (130mm),Misil (130mm),MSL 130 mm,Míssil 130mm,130mm MSL,130 мм ракета,ミサイル(130mm),130mm小型火箭弹,130mm 導彈,130mm MSL,130mm Füze,130mm MSL,130mm MSL,
FastRocketBA,[c][FF0000]155mm H-MSL[-][/c],,155mm H-MSL,Missile a Ricerca (155mm),Misil Buscador (155mm),H-MSL 155 mm,H-MSL 155mm,155mm H-MSL,155 мм ракета с ГСН,追尾型ミサイル(155mm),155mm陆基火箭弹（自导）,155mm H-導彈,155mm H-MSL,155mm G-Füze,155mm H-MSL,155mm H-MSL,
FastRocketHoming,[c][00FF00]135mm H-MSL[-][/c],,135mm H-MSL,Missile a Ricerca (135mm),Misil Buscador (135mm),H-MSL 135 mm,H-MSL 135mm,135mm H-MSL,135 мм ракета с ГСН,追尾型ミサイル(135mm),135mm小型火箭弹（自导）,135mm H-導彈,135mm H-MSL,135mm G-Füze,135mm H-MSL,135mm H-MSL,
FillerCharge,F&F ChargeF&F Charge,Energie Ladung,Charge F&F,Carica R&A,Carga de F&F,Carga E&N,Carga de E&N,Ogniwo F&F,Заряд ЛИ,F&Fチャージ,填料电池,F&F充能,F&F 충전,Doldurucu Şarjı,Γεμιστήρας F&F,F&F accu,
FlakRocket,[c][FF0000]37mm Flak Shell BA[-][/c],[c][FF0000]37mm Flak Geschoss BA[-][/c],Obus Flak BA,Munizioni AntiAeree BA,Munición antiaérea (BA),Escudo Flak BA,Munição de Anti-Aéreo BA,Flak pocisk BA,Зенитный снаряд БА,対空弾BA,陆基高射炮弹 (基地),基地高射炮彈,플랙 셸 BA,Uçaksavar Mermisi ÜS,Αντιαεροπορικό Κέλυφος BA,Flak granaat BA,Đạn pháo phòng không BA
IONCannonCharge,[c][FF8800]ION Charge[-][/c],[c][FF8800]Ionen-Ladung[-][/c],Charge ION,Carica a IONI,Carga iónica,Carga ION,Carga de ION,ION ogniwo,Ионный заряд,イオンチャージ,离子加农炮电池,離子充能,이온 충전,İyon şarj,Γεμιστήρας Ιόντων,ION accu,
IONCannonCharge2,[c][FF8800]ION Charge[-][/c],[c][FF8800]Ionen-Ladung Fortgeschrittene[-][/c],Charge ION II,Carica a IONI,Carga iónica,Carga ION,Carga de ION 2,ION ogniwo,Ионный заряд,イオンチャージ2,离子加农炮电池,離子充能,이온 충전,İyon şarj,Γεμιστήρας Ιόντων,ION accu,
LargeRocket,[c][FF0000]380mm High-Explosive Ballistic Artillery Shell[-][/c],[c][FF0000]380mm RAK[-][/c],165mm MSL,Missile 165mm,Misil (165mm),MSL 165 mm,Míssil 165mm,165mm MSL,165 мм ракета,ミサイル(165mm),165mm巨型火箭弹 (基地),165mm 導彈,165mm MSL,165mm Füze,165mm MSL,165mm MSL,
MultiCharge,Multi-Charge,Multi Ladung,Multicharge,Batteria Multitool,Multicarga,Multi Cargas,Carga de Multi,Ogniwo Multinarzędzia,Заряд МИ,マルチチャージ,多功能枪电池,多用途充能,복수 충전,Çoklu Alet Şarjı,Γεμιστήρας Εργαλείου Πολλαπλών Χρήσεων,Multi accu,Pin sạc cho công cụ đa năng
PlasmaCannonChargeSS,[c][00FF00]Pl.Charge SV[-][/c],[c][00FF00]Tippe-A Plasma-Zelle[-][/c],Charge plasma SV,Carica al Plasma V,Carga de plasma (NP),CargaPl. NP,Carga de Canhão Pl - NP,Pl. ogniwo SV,Пл. заряд МС,プラズマチャージ(SV),小型等离子炮电池 (小飞船),小型飛船等離子充能,Pl.충전 SV,Plazma Şarjı KG,Γεμιστήρας Πλάσματος SV,Pl.accu SV,
PulseLaserChargeBA,[c][FF0000]Ls.Charge BA[-][/c],,Charge laser BA,Carica Laser BA,Carga láser (BA),CargaLs. BA,Carga de Ls. - BA,Ls. ogniwo BA,Лаз. заряд БА,パルスチャージ(BA),陆基脉冲激光电池 (基地),基地鐳射充能,Ls.충전 BA,Lazer Şarjı ÜS,Γεμιστήρας Λέιζερ BA,Ls.accu BA,
RailgunBullet,[c][00FF00]Railgun Bullet[-][/c],[c][00FF00]Railgun Kugel[-][/c],Recharge Canon électrique,Proiettile Cannone a Rotaia,Bala de cañón de riel,Bala Railgun,Carga de Arma Elétrica,Railgun pocisk,Снаряд рельсотрона,レールガン用弾薬,电磁轨道炮弹夹,磁軌炮彈藥,레일 건 탄환,Railgun Mermisi,Σφαίρα Railgun,Railgun kogel,Đạn từ trường
TurretBAPlasmaCharge,[c][FF0000]Pl.Charge BA[-][/c],[c][FF0000]L2 Schwere Plasma-Zelle[-][/c],Charge PI BA,Carica al Plasma BA,Carga de plasma (BA),CargaPl. BA,Carga de Canhão Pl - BA,Pl. ogniwo BA,Пл. заряд БА,プラズマチャージ(BA),陆基等离子炮电池 (基地),基地等離子充能,Pl.충전 BA,Plazma Şarjı ÜS,Γεμιστήρας Πλάσματος BA,Pl.accu BA,
TurretGVPlasmaCharge,[c][0088FF]Pl.Charge HV[-][/c],,Charge PI HV,Carica al Plasma H,Carga de plasma (NL),CargaPl. NF,Carga de Canhão Pl - P,Pl. ogniwo HV,Пл. заряд ПС,プラズマチャージ(HV),车载等离子炮电池 (悬浮飞船),懸浮飛船等離子充能,Pl.충전 HV,Plazma Şarjı HA,Γεμιστήρας Πλάσματος HV,Pl.accu HV,
PulseLaserChargeSS,[c][00ff00]Ls.Charge SV[-][/c]/[c][0088ff]HV[-][/c],,,,,,,,,,,,,,,,
FastRocketGV,[c][0088FF]130mm H-MSL[-][/c],,,,,,,,,,,,,,,,
AmmoTurretHVLaser,[c][0088FF]Ls.Charge II HV[-][/c],[c][0088FF]Ls.Ladung II BG[-][/c],,,,,,,,,,,,,,,
ArtilleryRocket,[c][0088FF]Artillery Shell HV[-][/c],,,,,,,,,,,,,,,,
AmmoSVAntimatterCannon,[c][00FF00]Antimatter Charge[-][/c],[c][00FF00]Antimaterie Ladung[-][/c],,,,,,,,,,,,,,,
TurretMSPlasmaCharge,[c][FFF300]Pl.Charge CV[-][/c],,[c][FFF300]Charge PI CV[-][/c],[c][FFF300]Carica al Plasma NC[-][/c],[c][FFF300]Carga de plasma (NC)[-][/c],[c][FFF300]CargaPl. NC[-][/c],[c][FFF300]Carga de Canhão Pl - NM[-][/c],[c][FFF300]Pl. ogniwo CV[-][/c],[c][FFF300]Пл. заряд БС[-][/c],[c][FFF300]プラズマチャージ(CV)[-][/c],[c][FFF300]等离子炮电池 (主力舰)[-][/c],[c][FFF300]主力飛船等離子充能[-][/c],[c][FFF300]Pl.충전 CV[-][/c],[c][FFF300]Plazma Şarjı AG[-][/c],[c][FFF300]Γεμιστήρας Πλάσματος CV[-][/c],[c][FFF300]Pl.accu CV[-][/c],
FastRocketMS,[c][FFF300]150mm H-MSL[-][/c],,[c][FFF300]150mm H-MSL[-][/c],[c][FFF300]Missile a Ricerca (150mm)[-][/c],[c][FFF300]Misil Buscador (150mm)[-][/c],[c][FFF300]H-MSL 150 mm[-][/c],[c][FFF300]H-MSL 150mm[-][/c],[c][FFF300]150mm H-MSL[-][/c],[c][FFF300]150 мм ракета с ГСН[-][/c],[c][FFF300]追尾型ミサイル(150mm)[-][/c],[c][FFF300]150mm巨型火箭弹 (制导)[-][/c],[c][FFF300]150mm H-導彈[-][/c],[c][FFF300]150mm H-MSL[-][/c],[c][FFF300]150mm G-Füze[-][/c],[c][FFF300]150mm H-MSL[-][/c],[c][FFF300]150mm H-MSL[-][/c],
LargeRocketMS,[c][FFF300]160mm MSL[-][/c],,[c][FFF300]160mm MSL[-][/c],[c][FFF300]Missile 160mm[-][/c],[c][FFF300]Misil (160mm)[-][/c],[c][FFF300]MSL 160 mm[-][/c],[c][FFF300]Míssil 160mm[-][/c],[c][FFF300]160mm MSL[-][/c],[c][FFF300]160 мм ракета[-][/c],[c][FFF300]ミサイル(160mm)[-][/c],[c][FFF300]160mm巨型火箭弹 (主力舰)[-][/c],[c][FFF300]160mm 導彈[-][/c],[c][FFF300]160mm MSL[-][/c],[c][FFF300]160mm Füze[-][/c],[c][FFF300]160mm MSL[-][/c],[c][FFF300]160mm MSL[-][/c],
LightRocketCV,[c][FFF300]125mm Unguided Missile[-][/c],[c][FFF300]125mm Ungelenkte Rakete[-][/c],[c][FFF300]Fusée non guidée de 125 mm[-][/c],[c][FFF300]Razzo non guidato da 125 mm[-][/c],[c][FFF300]Cohete no guiado de 125 mm[-][/c],,,,,,,,,,,,
FlakRocketMS,[c][FFF300]Flak Shell CV[-][/c],[c][FFF300]Flak Geschoss GR[-][/c],[c][FFF300]Obus Flak CV[-][/c],[c][FFF300]Munizioni AntiAeree NC[-][/c],[c][FFF300]Munición antiaérea (NC)[-][/c],[c][FFF300]Escudo Flak NC[-][/c],[c][FFF300]Munição de Anti-Aéreo NM[-][/c],[c][FFF300]Flak pocisk CV[-][/c],[c][FFF300]Зенитный снаряд БС[-][/c],[c][FFF300]対空弾CV[-][/c],[c][FFF300]高射炮弹 (主力舰)[-][/c],[c][FFF300]主力飛船高射炮彈[-][/c],[c][FFF300]플랙 셸 CV[-][/c],[c][FFF300]Uçaksavar Mermisi AG[-][/c],[c][FFF300]Αντιαεροπορικό Κέλυφος CV[-][/c],[c][FFF300]Flak granaat CV[-][/c],[c][FFF300]Đạn pháo phòng không CV[-][/c]
PulseLaserChargeMS,[c][FFF300]Ls.Charge CV[-][/c],[c][FFF300]Ls.Ladung GR[-][/c],[c][FFF300]Charge laser CV[-][/c],[c][FFF300]Carica Laser NC[-][/c],[c][FFF300]Carga láser (NC)[-][/c],[c][FFF300]CargaLs. NC[-][/c],[c][FFF300]Carga de Ls. - NM[-][/c],[c][FFF300]Ls. ogniwo CV[-][/c],[c][FFF300]Лаз. заряд БС[-][/c],[c][FFF300]パルスチャージ(CV)[-][/c],[c][FFF300]脉冲激光电池 (主力舰)[-][/c],[c][FFF300]主力飛船鐳射充能[-][/c],[c][FFF300]Ls.충전 CV[-][/c],[c][FFF300]Lazer Şarjı AG[-][/c],[c][FFF300]Γεμιστήρας Λέιζερ CV[-][/c],[c][FFF300]Ls.accu CV[-][/c],
CoreNPCcpu,Alien Core,Alien Kern,Noyau PNJ (CPU),Nucleo NPC (CPU),Núcleo PNJ (CPU),,Núcleo NPC (CPU),Rdzeń NPC (CPU),НИП Ядро (ЦП),NPCコア (CPU),NPC核心 (CPU),NPC核心 (CPU),,,Πυρήνας (CPU),,Lõi NPC (CPU)
HWS,Homeworld Server,Homeworld Server,,,,,,,,,,,,,,,
ttwAlienTechnology,[c][d978b0]Alien Technology[-][/c],Alien Technologie,,,,,,,,,,,,,,,
ttwNaturalScience,[c][1abc42]Natural Science[-][/c],Naturwissenschaft,,,,,,,,,,,,,,,
WeaponSVAntimatterCannon,Antimatter Cannon,Antimaterie Kanone,,,,,,,,,,,,,,,
WeaponSVTorpedoLauncher,M77 Torpedo Launcher,M77 Torpedo Schacht,,,,,,,,,,,,,,,
AmmoSVTorpedo,M77 Torpedo,M77 Torpedo,,,,,,,,,,,,,,,
WeaponCVTorpedoLauncher,L77 Torpedo Launcher,L77 Torpedo Schacht,,,,,,,,,,,,,,,
AmmoCVTorpedo,[c][FFF300]L77 Torpedo[-][/c],[c][FFF300]L77 Torpedo[-][/c],,,,,,,,,,,,,,,
TurretHVLaser,Laser Turret,Laser Geschützturm,,,,,,,,,,,,,,,
PentaxidSeedCrystal,Pentaxid Seed Crystal,Pentaxid - Keim,,,,,,,,,,,,,,,
PentaxidSeedCrystal2,Pentaxid Crystal (Extractable),Pentaxid – Erntereif,,,,,,,,,,,,,,,
MedicGun,Medical Injector,Medizinischer Injektor,,,,,,,,,,,,,,,
CrewBaseEngineerI,Base Engineer I Crew,Basis Ingeneur I Angeheuert,,,,,,,,,,,,,,,
CrewBaseEngineerII,Base Engineer II Crew,Basis Ingeneur II Angeheuert,,,,,,,,,,,,,,,
CrewCVEngineerI,CV Engineer I Crew,GR Ingeneur I Angeheuert,,,,,,,,,,,,,,,
CrewCVEngineerII,CV Engineer II Crew,GR Ingeneur II Angeheuert,,,,,,,,,,,,,,,
CrewCVCoordinatorI,CV Coordinator Crew,GR Koordinator Angeheuert,,,,,,,,,,,,,,,
CrewHVOperatorI,HV Operator Dwarf Crew,BG Zwerg Navigator Angeheuert,,,,,,,,,,,,,,,
CrewSVPilotI,SV Co-Pilot Dwarf Crew,KR Zwerg Co-Pilot Angeheuert,,,,,,,,,,,,,,,
cpgHWSCrew,Hired Crew,Angeheurte Mitarbeiter,,,,,,,,,,,,,,,
bkiCloneChamber,"ATTENTION: make enough room around the device to be not stuck after respawn! Respawn in docked ships is NOT possible.\nAs long as you are in the same playfield as this Clone Chamber is, you have the option to respawn here. If put on a BA/CV, you also have the option to set it as Home Spawn in the Control Panel, which leds you respawn here from everywhere.","ACHTUNG: Sorge für genügend Abstand um das Gerät herum, damit du nicht gefangen wirst! Wiederbelebung in gedockten Schiffen ist NICHT möglich! Solange du dich im selben Spielfeld aufhältst wie diese Klon Kammer, hast du die Möglichkeit hier wiederbelebt zu werden. Wenn es eine BA/CV ist, kannst du im Kontrollfenster eine Heimat festlegen. Dies erlaubt dir vom ganzen Universum aus hier wiederbelebt zu werden.",Définit le point de réapparition d'un joueur (respawn).,Imposta il tuo Punto di Rigenerazione,Establece punto de aparición,Define o ponto de criação,Definir pontos de spawn,Ustawia potencjalny punkt odrodzenia,Устанавливает точку возрождения.,復帰ポイントを設定可能,设置重生点,設定出生點,스폰 지점을 설정합니다.,Doğma/çağırma noktasını ayarlar,Ορίζει ένα σημείο δημιουργίας,Bepaalt spawn punt,Đặt điểm sinh sản
bkiMedicinelabMS,"ATTENTION: make enough room around the device to be not stuck after respawn! Respawn in docked ships is NOT possible.\nRestores health and as long as you are in the same playfield as this Clone Chamber is, you have the option to respawn here. If put on a BA/CV, you also have the option to set it as Home Spawn in the Control Panel, which leds you respawn here from everywhere.","ACHTUNG: Sorge für genügend Abstand um das Gerät herum, damit du nicht gefangen wirst! Wiederbelebung in gedockten Schiffen ist NICHT möglich! Heilt dich und solange du dich im selben Spielfeld aufhältst wie diese Klon Kammer, hast du die Möglichkeit hier wiederbelebt zu werden. Wenn es eine BA/CV ist, kannst du im Kontrollfenster eine Heimat festlegen. Dies erlaubt dir vom ganzen Universum aus hier wiederbelebt zu werden.",Rétablit les points de vie et définit un point respawn.,Ripristina la salute e imposta il punto di Rigenerazione.,Restaura la salud y crea un punto de aparición.,Repõe saúde e define ponto de criação,Restaura saúde e define ponto de spawn,Regeneruje żywotność oraz ustawia potencjalny punkt odrodzenia,Восстанавливает здоровье и устанавливает точку возрождения.,ヘルス回復作成ポイントとして利用できます,恢复生命和设置复活点,恢復生命值並設定出生點。,건강을 회복하고 스폰 지점을 설정합니다.,Sağlığı iyileştirir ve doğma noktası ayarlar,Επαναφέρει την ζωή και ορίζει ένα σημείο δημιουργίας,Herstelt de gezondheid en stelt het spawn-punt in,Phục hồi máu và đặt điểm hồi sinh
HWSEventHalloweenArmor,[c][fdb100]HWS Halloween Pumpkin Armor[-][/c],,,,,,,,,,,,,,,,
HWSEventHalloweenPumpkinShell,[c][fdb100]HWS Halloween Pumpkin Shell[-][/c],,,,,,,,,,,,,,,,
bkiHWSEventHalloweenArmor,"If you collect enough HWS Halloween Pumpkin Shells, you can craft this very special and unique Armor!","Wenn Sie genug HWS Halloween Pumpkin Shells sammeln, können Sie diese ganz besondere und einzigartige Rüstung herstellen!",,,,,,,,,,,,,,,
bkiHWSEventHalloweenPumpkinShell,Only during the HWS Halloween Event available. Collect as many as you can to craft a powerful Armor out of them!,"Nur während des HWS Halloween Events verfügbar. Sammle so viele wie möglich, um daraus eine mächtige Rüstung herzustellen!",,,,,,,,,,,,,,,
SurvivalTool,Survival & Detector Tool,Überlebens & Detektor-Multiwerkzeug,Outil de détection & de survie,Strumento di rilevamento della sopravvivenza,Herramienta de detección de supervivencia,,Ferramenta de Sobrevivência,Narzędzie surwiwalowe,Детектор выживания,サバイバルツール,生存工具,,,Hayatta Kalma Aleti,Εργαλείο Επιβίωσης,,
bkiWarpDriveT3,A special and rare CV Warp Drive with the highest range and most efficient usage. Can be only found in the Homeworld of the Civilians in the outer Universe.,Ein besonderes und seltenes Warp Gerät mit der höchsten Reichweite und Effizienz. Kann nur im Heimatland der Zivilen Fraktion weit draußen in der Galaxie gefunden werden,,,,,,,,,,,,,,,
WarpDriveT2,Warp Drive T2,Warp Gerät T2,,,,,,,,,,,,,,,
WarpDriveT3,[c][fdb100]Warp Drive T3[-][/c],Warp Gerät T3,,,,,,,,,,,,,,,
bkiSurvivalTool,"Tool used for basic defence, resource gathering from rocks, salvaging of structures and detection. Press Right Mouse Button (RMB) to access all options.","Werkzeug mit eingebauter Waffe, zum Erz-Abbau an Steinen, Zerlegen von Strukturen und Radarfähigkeit. Drück die Rechte Maus Taste, um alle Optionen anzuzeigen.","Outil utilisé pour une défense basique, le forage des roches et le désassemblage de structures","Dispositivo utilizzato per la Difesa di base, per recuperare risorse dalle rocce e recuperare materiali dalle strutture","Herramienta utilizada para la defensa básica, recolección de recursos de rocas y desmantelación de estructuras.",,"Ferramenta usada para defesa básica, coleta de recursos de rochas e recuperação de estruturas","Narzędzie używane do obrony, gromadzenia zasobów ze skał oraz odzyskiwania materiałów ze struktur","Инструмент используется для базовой защиты, сбора ресурсов из горных пород и утилизации конструкций",基本的な防衛、岩石からの資源採取、構造物の回収に使用されるツール,基本的防御工具，仅用于采集岩石或回收建筑。,,,"Temel savunma, kayalardan kaynak toplama ve yapıları kırmak için kullanılan araç","Εργαλείο που χρησιμοποιείται για βασική άμυνα, μάζεμα πόρων από πέτρες και συντρίμμια κατασκευών","Gereedschap gebruikt voor basis verdediging, grondstoffen verzameling uit stenen en het recycelen van bouwwerken.",
EGS,Elemental Galactic Services,,,,,,,,,,,,,,,,
igmLCEnemyBase,You cannot do this here - there is another base nearby. Press M to check the Landclaim Zone.,Diese Aktion kann hier nicht ausgeführt werden - es befindet sich eine fremde Basis in der Nähe. Drücke M und prüfe die Landgebietszone.,"Vous ne pouvez pas faire ça ici, il y a une Base à proximité",Non puoi eseguire questa azione qui - c'è un'altra base nelle vicinanze,No puedes hacer esto aquí - hay otra base cerca,,Você não pode fazer isso aqui - tem uma outra base próxima,Nie możesz tego zrobić - w pobliżu znajduje się inna baza,Вы не можете сделать это здесь - поблизости есть другая база,近くに他の施設があるため実行できません,不能在此地进行 - 附近有另外一个基地。,,,Burada bunu yapamazsınız - yakında başka bir Üss var,Δεν μπορείς να το κάνεις αυτό εδώ - υπάρχει μία άλλη βάση κοντά,"Je kunt dit hier niet doen, er is een andere basis vlakbij.",Bạn không thể làm điều này ở đây - Có một căn cứ khác gần đây
lpsHWSPhotoshootingEU,HWS EU Photo Shooting - 16.09.2018,HWS Foto Shooting - 16.09.2018,,,,,,,,,,,,,,,
lpsHWSPhotoshootingNA,HWS NA Photo Shooting - 16.09.2018,HWS Foto Shooting - 16.09.2018,,,,,,,,,,,,,,,
lpsHWSResidence,Residence Planet,,,,,,,,,,,,,,,,
lpsHWSAcademy,Do you want to start completely new and choose a different path? Type cb:restart in chat,Möchtest du noch mal komplett von vorne beginnen und einen anderen Weg wählen? Gib cb:restart im Chat ein,,,,,,,,,,,,,,,
lpsHWSFlyingCity,Puzzles and Shopping in the EGS Flying City on ECC,Rätsel und shoppen in der EGS Flying City auf ECC,,,,,,,,,,,,,,,
lpsHWSEGSHQ,The EGS HQ on ECC - most important Building on HWS,Das EGS HQ auf ECC - das bedeutendste Gebäude auf HWS,,,,,,,,,,,,,,,
lpsHWSEGSHQNews,Need a job? Become a News Reporter at the EGS HQ,Arbeitslos? Werde Nachrichten Reporter beim EGS HQ,,,,,,,,,,,,,,,
lpsHWSEGSHQTeleporter,EGS got you covered: A Public Teleporter at the EGS HQ,EGS kümmert sich um dich: Ein öffentlich nutzbarer Teleporter beim EGS HQ,,,,,,,,,,,,,,,
lpsHWSEGSHQMissions,Play 36 rewarding Missions at the EGS HQ,Spiele 36 lohnenswerte Missionen beim EGS HQ,,,,,,,,,,,,,,,
lpsHWSEGSHQElementalStone,The Elemental Stone at the Time Space Continuum Generator,Der Elementare Stein beim Zeit-Raum-Kontinuumsgenerator,,,,,,,,,,,,,,,
lpsHWSConnect,"Manage your structures, your player and more over a website - https://connect.hws.global","Check deine Strukturen, deinen Spieler und mehr via a website - https://connect.hws.global",,,,,,,,,,,,,,,
lpsHWSTimeSpaceContinuumGenerator,"Will the HWS Community find all HWS Star Fragments, return the Elemental Power and expand the Universe?","Wird die HWS-Community alle HWS-Sternfragmente finden, die Elementarkraft zurückgeben und das Universum erweitern?",,,,,,,,,,,,,,,
lpsHWSPatreon,Enjoy playing on HWS? Support me at https://patreon.com/hws to keep HWS running - special HWS Patron content included,Gefällt es dir auf HWS? Unterstütz mich auf https://patreon.com/hws damit HWS am Leben bleibt - HWS Patron Boni inklusive.,,,,,,,,,,,,,,,
lpsHWSTEAM,Need a job? Become a T.E.A.M. Agent for the EGS Company,Arbeitslos? Werde T.E.A.M. Agent in der EGS Company,,,,,,,,,,,,,,,
HWSHelmetPatron,[c][fdb100]HWS Patron Helmet Skin[-][/c],[c][019245]HWS Patron Helm Skin[-][/c],,,,,,,,,,,,,,,
bkiHWSHelmetPatron,HWS Patron Exclusive Skin Helmet. Get yours at [c][019245][u]https://patreon.com[/u][-][/c]. Thank you so much supporting me!,HWS Patron Exklusiver Skin Helm. Schnapp dir deinen auf [c][019245][u]https://patreon.com[/u][-][/c]. Vielen lieben Dank das du mich unterstützt!,,,,,,,,,,,,,,,
HWSNecklaceElementalPower,[c][fdb100]Elemental Power[-][/c],[c][019245]Elementare Macht[-][/c],,,,,,,,,,,,,,,
bkiHWSNecklaceElementalPower,You activated a HWS Star Fragment and got rewarded with the Elemental Power. Protect it with your life and bring it back to the Elemental Stone in the EGS HQ to expand the Universe,Du hast ein HWS Sternfragment aktiviert und wurdest mit der Elementaren Macht belohnt. Beschütze es mit deinem Leben und bring es zurück zum Elementen Stein im EGS Hauptquartier, um das Universum zu erweitern,,,,,,,,,,,,,,
HWSValentinesDayGlasses,[c][fdb100]HWS Valentines Day Glasses Skin[-][/c],[c][019245]HWS Valentins Tag Brillen Skin[-][/c],,,,,,,,,,,,,,,
bkiHWSValentinesDayGlasses,HWS Patron Exclusive Skin Glasses. Activate the Love Zoom with Right Click hold and mousewheel scroll. Get yours at [c][019245][u]https://patreon.com[/u][-][/c]. Thank you so much supporting me!,HWS Patron Exklusiver Skin Brille. Aktivier den Liebes Zoom mit Rechtsklick halten und Mausrad scrollen. Schnapp dir deinen auf [c][019245][u]https://patreon.com[/u][-][/c]. Vielen lieben Dank das du mich unterstützt!,,,,,,,,,,,,,,,
HWSBlockSpikeTrap,HWSBlockSpikeTrap,,,,,,,,,,,,,,,,
HWSMedicCyborgStatic,RexXxuS Clone X7,,,,,,,,,,,,,,,,
HWSCyborgServant,Series X Clones,,,,,,,,,,,,,,,,
HWSEngineerCyborgStatic,Representative of Cyborgs,,,,,,,,,,,,,,,,
RocketPodMSWeapon,Heavy Rocket Launcher,Schwerer Raketenwerfer,Lance-roquettes,Lanciarazzi,Lanzamisiles,Lança-foguetes,Lança-Foguetes,Wyrzutnia Rakiet,Ракетная установка,ロケットランチャー,火箭发射器 (主力舰),火箭發射器,로켓 발사기,Roketatar,Εκτοξευτής Ρουκετών,Raketlanceerder,Đầu phóng tên lửa
WeaponMS03,Heavy Rocket Launcher,Schwerer Raketenwerfer,Lance-roquettes,Lanciarazzi,Lanzamisiles,Lança-foguetes,Lança-Foguetes,Wyrzutnia Rakiet,Ракетная установка,ロケットランチャー,火箭发射器 (主力舰),火箭發射器,로켓 발사기,Roketatar,Εκτοξευτής Ρουκετών,Raketlanceerder,Đầu phóng tên lửa
PulseLaserChargeMSWeapon,[c][FFF300]Ls.Charge II CV[-][/c],[c][FFF300]Ls.Ladung II GR[-][/c],[c][FFF300]Charge laser II CV[-][/c],[c][FFF300]Carica Laser II NC[-][/c],[c][FFF300]Carga láser II (NC)[-][/c],[c][FFF300]CargaLs. II NC[-][/c],[c][FFF300]Carga de Ls. II NM[-][/c],[c][FFF300]Ls. ogniwo II CV[-][/c],[c][FFF300]Лаз. заряд II БС[-][/c],[c][FFF300]パルスチャージMK2(CV)[-][/c],[c][FFF300]巨型脉冲激光电池 (主力舰)[-][/c],[c][FFF300]主力飛船鐳射充能II[-][/c],[c][FFF300]Ls.충전 II CV[-][/c],[c][FFF300]Lazer Şarjı II AG[-][/c],[c][FFF300]Γεμιστήρας Λέιζερ II CV[-][/c],[c][FFF300]Ls.accu II CV[-][/c],
WSValentinesCake,HWS Valentines Cake,HWS Valentins Kuchen,,,,,,,,,,,,,,,
HWSValentinesRecipe,HWS Valentines Recipe,HWS Valentins Rezept,,,,,,,,,,,,,,,
HWS_Info_ValentinesRecipe,Use this special ingredient for your Valentines Cake. You can find more of it in the Valentines Mission in the EGS HQ,Nutze dieses besondere Zutat für deinen Valentins Kuchen. Finde mehr davon in der Valentins Mission im EGS HQ,,,,,,,,,,,,,,,
ttwBase,[c][ff0000]Base[-][/c],Basis,Base,Base,Base,Base,Base,Baza,База,BA,基地,基地,기지,,Βάση,Basis,Căn cứ
ttwCapitalVessel,[c][fff700]Capital Vessel[-][/c],Großes Raumschiff,Vaisseau mère,Nave Capitale,Nave Capital,Nave Capital,Nave Capital,Okręt Dowodzenia,Большое судно,CV,主力舰,主力飛船,모선 선체,,Κεντρικό Όχημα,Capital schip,Tàu Hạm
ttwSmallVessel,[c][00ff04]Small Vessel[-][/c],Kleines Raumschiff,Petit vaisseau,Vascello,Nave Pequeña,Nave Pequena,Nave Pequena,Statek Kosmiczny,Малое судно,SV,小飞船,小型飛船,소형 선체,,Μικρό Όχημα,Klein ship,Tàu nhỏ
ttwHoverVessel,[c][007bff]Hover Vessel[-][/c],Bodengleiter,Hover,Hovercraft,Nave de Levitación,Nave Flutuante,Planador,Ślizgacz Magnetyczny,Парящее судно,HV,悬浮飞船,懸浮飛船,호버 선체,,Όχημα Hover,Zweef schip,Tàu Thăm Dò
ttwMisc,Misc,Diverses,Divers,Varie,Varios,Diversos,Outros,Inne,Прочее,その他,杂项,其他,기타,,Διάφορα,Overig,Khác
ttwTools,Tools,Werkzeuge,Outils,Strumenti,Herramientas,Ferramentas,Ferramentas,Narzędzia,Инструменты,ツール,工具,工具,도구,,Εργαλεία,Gereedschap,Công cụ
ttwWeapons,Weapons,Waffen,Armes,Armi,Armas,Armas,Armas,Broń,Оружие,ウェポン,武器,武器,무기,,Όπλα,Wapens,Vũ khí
ttwElementalBlocks,[c][ff00d4]Elemental Blocks[-][/c],Elementare Blöcke,,,,,,,,,,,,,,,
ttwElementalItems,[c][ff00d4]Elemental Items[-][/c],Elementare Items,,,,,,,,,,,,,,,
HWS_material_aquablocklarge,[c][2359d7]Aqua Element[-][/c]\nEffective vs [c][e7390d]Pyro[-][/c]\nIneffective vs [c][1abc42]Terra[-][/c],,,,,,,,,,,,,,,,
HWS_material_aquablocksmall,[c][2359d7]Aqua Element[-][/c]\nEffective vs [c][e7390d]Pyro[-][/c]\nIneffective vs [c][1abc42]Terra[-][/c],,,,,,,,,,,,,,,,
HWS_material_terrablocklarge,[c][1abc42]Terra Element[-][/c]\nEffective vs [c][2359d7]Aqua[-][/c]\nIneffective vs [c][e7390d]Pyro[-][/c],,,,,,,,,,,,,,,,
HWS_material_terrablocksmall,[c][1abc42]Terra Element[-][/c]\nEffective vs [c][2359d7]Aqua[-][/c]\nIneffective vs [c][e7390d]Pyro[-][/c],,,,,,,,,,,,,,,,
HWS_material_pyroblocklarge,[c][e7390d]Pyro Element[-][/c]\nEffective vs [c][1abc42]Terra[-][/c]\nIneffective vs [c][2359d7]Aqua[-][/c],,,,,,,,,,,,,,,,
HWS_material_pyroblocksmall,[c][e7390d]Pyro Element[-][/c]\nEffective vs [c][1abc42]Terra[-][/c]\nIneffective vs [c][2359d7]Aqua[-][/c],,,,,,,,,,,,,,,,
HWS_material_obsidianblocklarge,[c][15ffc9]Obsidian Element[-][/c]\nEffective vs [c][ffffff]Lux[-][/c]\nIneffective vs [c][777777]Nox[-][/c],,,,,,,,,,,,,,,,
HWS_material_obsidianblocksmall,[c][15ffc9]Obsidian Element[-][/c]\nEffective vs [c][ffffff]Lux[-][/c]\nIneffective vs [c][777777]Nox[-][/c],,,,,,,,,,,,,,,,
HWS_material_luxblocklarge,[c][ffffff]Lux Element[-][/c]\nEffective vs [c][777777]Nox[-][/c]\nIneffective vs [c][15ffc9]Obsidian[-][/c],,,,,,,,,,,,,,,,
HWS_material_luxblocksmall,[c][ffffff]Lux Element[-][/c]\nEffective vs [c][777777]Nox[-][/c]\nIneffective vs [c][15ffc9]Obsidian[-][/c],,,,,,,,,,,,,,,,
HWS_material_noxblocklarge,[c][555555]Nox Element[-][/c]\nEffective vs [c][15ffc9]Obsidian[-][/c]\nIneffective vs [c][ffffff]Lux[-][/c],,,,,,,,,,,,,,,,
HWS_material_noxblocksmall,[c][555555]Nox Element[-][/c]\nEffective vs [c][15ffc9]Obsidian[-][/c]\nIneffective vs [c][ffffff]Lux[-][/c],,,,,,,,,,,,,,,,
HWS_material_strangeletblocklarge,[c][ff00d4]Strangelet Element[-][/c]\nEffective vs [c][fff700]Everything[-][/c]\nIneffective vs ---,,,,,,,,,,,,,,,,
HWS_material_strangeletblocksmall,[c][ff00d4]Strangelet Element[-][/c]\nEffective vs [c][fff700]Everything[-][/c]\nIneffective vs ---,,,,,,,,,,,,,,,,
HWS_material_aquadevicelarge,[c][2359d7]Aqua Element[-][/c]\nEffective vs [c][e7390d]Pyro[-][/c]\nIneffective vs [c][1abc42]Terra[-][/c],,,,,,,,,,,,,,,,
HWS_material_aquadevicesmall,[c][2359d7]Aqua Element[-][/c]\nEffective vs [c][e7390d]Pyro[-][/c]\nIneffective vs [c][1abc42]Terra[-][/c],,,,,,,,,,,,,,,,
HWS_material_terradevicelarge,[c][1abc42]Terra Element[-][/c]\nEffective vs [c][2359d7]Aqua[-][/c]\nIneffective vs [c][e7390d]Pyro[-][/c],,,,,,,,,,,,,,,,
HWS_material_terradevicesmall,[c][1abc42]Terra Element[-][/c]\nEffective vs [c][2359d7]Aqua[-][/c]\nIneffective vs [c][e7390d]Pyro[-][/c],,,,,,,,,,,,,,,,
HWS_material_pyrodevicelarge,[c][e7390d]Pyro Element[-][/c]\nEffective vs [c][1abc42]Terra[-][/c]\nIneffective vs [c][2359d7]Aqua[-][/c],,,,,,,,,,,,,,,,
HWS_material_pyrodevicesmall,[c][e7390d]Pyro Element[-][/c]\nEffective vs [c][1abc42]Terra[-][/c]\nIneffective vs [c][2359d7]Aqua[-][/c],,,,,,,,,,,,,,,,
HWS_material_obsidiandevicelarge,[c][15ffc9]Obsidian Element[-][/c]\nEffective vs [c][ffffff]Lux[-][/c]\nIneffective vs [c][777777]Nox[-][/c],,,,,,,,,,,,,,,,
HWS_material_obsidiandevicesmall,[c][15ffc9]Obsidian Element[-][/c]\nEffective vs [c][ffffff]Lux[-][/c]\nIneffective vs [c][777777]Nox[-][/c],,,,,,,,,,,,,,,,
HWS_material_luxdevicelarge,[c][ffffff]Lux Element[-][/c]\nEffective vs [c][777777]Nox[-][/c]\nIneffective vs [c][15ffc9]Obsidian[-][/c],,,,,,,,,,,,,,,,
HWS_material_luxdevicesmall,[c][ffffff]Lux Element[-][/c]\nEffective vs [c][777777]Nox[-][/c]\nIneffective vs [c][15ffc9]Obsidian[-][/c],,,,,,,,,,,,,,,,
HWS_material_noxdevicelarge,[c][555555]Nox Element[-][/c]\nEffective vs [c][15ffc9]Obsidian[-][/c]\nIneffective vs [c][ffffff]Lux[-][/c],,,,,,,,,,,,,,,,
HWS_material_noxdevicesmall,[c][555555]Nox Element[-][/c]\nEffective vs [c][15ffc9]Obsidian[-][/c]\nIneffective vs [c][ffffff]Lux[-][/c],,,,,,,,,,,,,,,,
HWS_material_strangeletdevicelarge,[c][ff00d4]Strangelet Element[-][/c]\nEffective vs [c][fff700]Everything[-][/c]\nIneffective vs ---,,,,,,,,,,,,,,,,
HWS_material_strangeletdevicesmall,[c][ff00d4]Strangelet Element[-][/c]\nEffective vs [c][fff700]Everything[-][/c]\nIneffective vs ---,,,,,,,,,,,,,,,,
HWS_material_elements,[c][fff700]All Elements[-][/c] [c][555555][i](Choose with RMB)[/i][-][/c],,,,,,,,,,,,,,,,
HWS_material_aquanpc,[c][2359d7]Aqua Element[-][/c]\nEffective vs [c][e7390d]Pyro[-][/c]\nIneffective vs [c][1abc42]Terra[-][/c],,,,,,,,,,,,,,,,
HWS_material_terranpc,[c][1abc42]Terra Element[-][/c]\nEffective vs [c][2359d7]Aqua[-][/c]\nIneffective vs [c][e7390d]Pyro[-][/c],,,,,,,,,,,,,,,,
HWS_material_pyronpc,[c][e7390d]Pyro Element[-][/c]\nEffective vs [c][1abc42]Terra[-][/c]\nIneffective vs [c][2359d7]Aqua[-][/c],,,,,,,,,,,,,,,,
HWS_material_obsidiannpc,[c][15ffc9]Obsidian Element[-][/c]\nEffective vs [c][ffffff]Lux[-][/c]\nIneffective vs [c][777777]Nox[-][/c],,,,,,,,,,,,,,,,
HWS_material_luxnpc,[c][ffffff]Lux Element[-][/c]\nEffective vs [c][777777]Nox[-][/c]\nIneffective vs [c][15ffc9]Obsidian[-][/c],,,,,,,,,,,,,,,,
HWS_material_noxnpc,[c][555555]Nox Element[-][/c]\nEffective vs [c][15ffc9]Obsidian[-][/c]\nIneffective vs [c][ffffff]Lux[-][/c],,,,,,,,,,,,,,,,
HWS_material_strangeletnpc,[c][ff00d4]Strangelet Element[-][/c]\nEffective vs [c][fff700]Everything[-][/c]\nIneffective vs ---,,,,,,,,,,,,,,,,
HWS_material_aquaitem,[c][2359d7]Aqua Element[-][/c]\nEffective vs [c][e7390d]Pyro[-][/c]\nIneffective vs [c][1abc42]Terra[-][/c],,,,,,,,,,,,,,,,
HWS_material_terraitem,[c][1abc42]Terra Element[-][/c]\nEffective vs [c][2359d7]Aqua[-][/c]\nIneffective vs [c][e7390d]Pyro[-][/c],,,,,,,,,,,,,,,,
HWS_material_pyroitem,[c][e7390d]Pyro Element[-][/c]\nEffective vs [c][1abc42]Terra[-][/c]\nIneffective vs [c][2359d7]Aqua[-][/c],,,,,,,,,,,,,,,,
HWS_material_obsidianitem,[c][15ffc9]Obsidian Element[-][/c]\nEffective vs [c][ffffff]Lux[-][/c]\nIneffective vs [c][777777]Nox[-][/c],,,,,,,,,,,,,,,,
HWS_material_luxitem,[c][ffffff]Lux Element[-][/c]\nEffective vs [c][777777]Nox[-][/c]\nIneffective vs [c][15ffc9]Obsidian[-][/c],,,,,,,,,,,,,,,,
HWS_material_noxitem,[c][555555]Nox Element[-][/c]\nEffective vs [c][15ffc9]Obsidian[-][/c]\nIneffective vs [c][ffffff]Lux[-][/c],,,,,,,,,,,,,,,,
HWS_material_strangeletitem,[c][ff00d4]Strangelet Element[-][/c]\nEffective vs [c][fff700]Everything[-][/c]\nIneffective vs ---,,,,,,,,,,,,,,,,
HWS_Group_PersonalLootBox,HWS Loot Box,
HWSAquaElemental,Aqua Elemental,,,,,,,,,,,,,,,,
HWSAquaElementalMelee,Aqua Fighter Elemental,,,,,,,,,,,,,,,,
HWSAquaElementalStatic,Aqua Elemental (Training Prototype),,,,,,,,,,,,,,,,
HWSTerraElemental,Terra Elemental,,,,,,,,,,,,,,,,
HWSTerraElementalMelee,Terra Fighter Elemental,,,,,,,,,,,,,,,,
HWSTerraElementalStatic,Terra Elemental (Training Prototype),,,,,,,,,,,,,,,,
HWSPyroElemental,Pyro Elemental,,,,,,,,,,,,,,,,
HWSPyroElementalMelee,Pyro Fighter Elemental,,,,,,,,,,,,,,,,
HWSPyroElementalStatic,Pyro Elemental (Training Prototype),,,,,,,,,,,,,,,,
HWSObsidianElemental,Obsidian Elemental,,,,,,,,,,,,,,,,
HWSObsidianElementalMelee,Obsidian Fighter Elemental,,,,,,,,,,,,,,,,
HWSLuxElemental,Lux Elemental,,,,,,,,,,,,,,,,
HWSLuxElementalMelee,Lux Fighter Elemental,,,,,,,,,,,,,,,,
HWSNoxElemental,Nox Elemental,,,,,,,,,,,,,,,,
HWSNoxElementalMelee,Nox Fighter Elemental,,,,,,,,,,,,,,,,
HWSStrangeletElemental,Strangelet Elemental,,,,,,,,,,,,,,,,
HWSStrangeletElementalMelee,Strangelet Fighter Elemental,,,,,,,,,,,,,,,,
UnlockCost, Unlock cost [i][c][555555](if -1 this means you have to unlock it by a Quest)[-][/c][/i],,,,,,,,,,,,,,,,
HWSAllOriginXP,HWS Origin XP,,,,,,,,,,,,,,,,
HWSDealerOriginXP,HWS Dealer Origin XP,,,,,,,,,,,,,,,,
HWSEngineerOriginXP,HWS Engineer Origin XP,,,,,,,,,,,,,,,,
HWSExplorerOriginXP,HWS Explorer Origin XP,,,,,,,,,,,,,,,,
HWSFighterOriginXP,HWS Fighter Origin XP,,,,,,,,,,,,,,,,
HWSOriginXPInfo,Developed by EGS those DNA modules are the crucial part of becoming a better clone. After max. 30 seconds they merge with your body [i][c][ffffff](disappear from your inventory)[-][/c][/i] and give you more experience points [i][c][ffffff](XP)[-][/c][/i].\nTo learn more about HWS Origin XP go here: [url=https://forum.empyrion-homeworld.net/t/hws-origin-xp/11586][u][c][3ab3b0]https://forum.empyrion-homeworld.net/t/hws-origin-xp/11586[-][/c][/u][/url],,,,,,,,,,,,,,,,
HWSDealerOriginGun,HWS Dealer Origin Gun,HWS Dealer Origin Waffe,,,,,,,,,,,,,,,
HWSEngineerOriginGun,HWS Engineer Origin Gun,HWS Engineer Origin Waffe,,,,,,,,,,,,,,,
HWSExplorerOriginGun,HWS Explorer Origin Gun,HWS Explorer Origin Waffe,,,,,,,,,,,,,,,
HWSFighterOriginGun,HWS Fighter Origin Gun,HWS Fighter Origin Waffe,,,,,,,,,,,,,,,
HWSOriginGunInfo,"Each Origin has its own Origin Gun. It's not only bound to their DNA, but works as DNA injector for Origin XP as well. Make sure to always have your Origin Gun with you!",,,,,,,,,,,,,,,,
HWSAllOriginGunAmmoInfo,A highly unstable electric charge ball doing high area damage. It's too experimental for mass production yet.,,,,,,,,,,,,,,,,
HWSHelmetRipGame1,RIP Game Helmet 1, RIP Spiel Helm 1,,,,,,,,,,,,,,,
HWSHelmetRipGame2,RIP Game Helmet 2, RIP Spiel Helm 2,,,,,,,,,,,,,,,
HWSHelmetRipGame3,RIP Game Helmet 3, RIP Spiel Helm 3,,,,,,,,,,,,,,,
HWSHelmetRipGame4,RIP Game Helmet 4, RIP Spiel Helm 4,,,,,,,,,,,,,,,
HWSHelmetRipGame5,RIP Game Helmet 5, RIP Spiel Helm 5,,,,,,,,,,,,,,,
HWSHelmetRipGame6,RIP Game Helmet 6, RIP Spiel Helm 6,,,,,,,,,,,,,,,
HWSHelmetRipGame7,RIP Game Helmet 7, RIP Spiel Helm 7,,,,,,,,,,,,,,,
HWSHelmetRipGame8,RIP Game Helmet 8, RIP Spiel Helm 8,,,,,,,,,,,,,,,
HWSHelmetRipGame9,RIP Game Helmet 9, RIP Spiel Helm 9,,,,,,,,,,,,,,,
HWSHelmetRipGame10,RIP Game Helmet 10, RIP Spiel Helm 10,,,,,,,,,,,,,,,
HWSHelmetRipGame11,RIP Game Helmet 11, RIP Spiel Helm 11,,,,,,,,,,,,,,,
HWSHelmetRipGame12,RIP Game Helmet 12, RIP Spiel Helm 12,,,,,,,,,,,,,,,
HWSHelmetRipGame13,RIP Game Helmet 13, RIP Spiel Helm 13,,,,,,,,,,,,,,,
HWSHelmetRipGame14,RIP Game Helmet 14, RIP Spiel Helm 14,,,,,,,,,,,,,,,
HWSHelmetRipGame15,RIP Game Helmet 15, RIP Spiel Helm 15,,,,,,,,,,,,,,,
HWSHelmetRipGame16,RIP Game Helmet 16, RIP Spiel Helm 16,,,,,,,,,,,,,,,
bkiHWSHelmetRipGame,Respect the order,Respektiert die Reihenfolge,,,,,,,,,,,,,,,
DamageMultiplier_Group,Damage Type,,,,,,,,,,,,,,,,
HWS_EWS_Energy,"[c][ffffff]Energy Damage[-][/c]\nEffective vs [c][ffffff]Devices, Shield[-][/c]\nIneffective vs [c][ffffff]Elements, Blocks[-][/c]",,,,,,,,,,,,,,,,
HWS_EWS_Kinetic,"[c][ffffff]Kinetic Damage[-][/c]\nEffective vs [c][ffffff]Blocks, Creatures[-][/c]\nIneffective vs [c][ffffff]Elements, Shield[-][/c]",,,,,,,,,,,,,,,,
HWS_EWS_Strangelet,[c][ff00d4]Strangelet Element[-][/c]\nEffective vs [c][fff700]Everything[-][/c]\nIneffective vs ---,,,,,,,,,,,,,,,,
HWS_EWS_Nox,[c][555555]Nox Element[-][/c]\nEffective vs [c][15ffc9]Obsidian[-][/c]\nIneffective vs [c][ffffff]Lux[-][/c],,,,,,,,,,,,,,,,
HWS_EWS_Lux,[c][ffffff]Lux Element[-][/c]\nEffective vs [c][777777]Nox[-][/c]\nIneffective vs [c][15ffc9]Obsidian[-][/c],,,,,,,,,,,,,,,,
HWS_EWS_Obsidian,[c][15ffc9]Obsidian Element[-][/c]\nEffective vs [c][ffffff]Lux[-][/c]\nIneffective vs [c][777777]Nox[-][/c],,,,,,,,,,,,,,,,
HWS_EWS_Pyro,[c][e7390d]Pyro Element[-][/c]\nEffective vs [c][1abc42]Terra[-][/c]\nIneffective vs [c][2359d7]Aqua[-][/c],,,,,,,,,,,,,,,,
HWS_EWS_Terra,[c][1abc42]Terra Element[-][/c]\nEffective vs [c][2359d7]Aqua[-][/c]\nIneffective vs [c][e7390d]Pyro[-][/c],,,,,,,,,,,,,,,,
HWS_EWS_Aqua,[c][2359d7]Aqua Element[-][/c]\nEffective vs [c][e7390d]Pyro[-][/c]\nIneffective vs [c][1abc42]Terra[-][/c],,,,,,,,,,,,,,,,
alien,[c][ffffff]Alien (Block)[-][/c]\nEffective vs [c][ffffff]Energy[-][/c]\nIneffective vs [c][ffffff]Kinetic[-][/c],,,,,,,,,,,,,,,,
woodblock,[c][ffffff]Wood[-][/c][c][ffffff] (Block)[-][/c]\nEffective vs [c][ffffff]Energy[-][/c]\nIneffective vs [c][ffffff]Kinetic[-][/c],,,,,,,,,,,,,,,,
concrete,[c][ffffff]Concrete[-][/c][c][ffffff] (Block)[-][/c]\nEffective vs [c][ffffff]Energy[-][/c]\nIneffective vs [c][ffffff]Kinetic[-][/c],,,,,,,,,,,,,,,,
concretearmored,[c][ffffff]Armored Concrete[-][/c][c][ffffff] (Block)[-][/c]\nEffective vs [c][ffffff]Energy[-][/c]\nIneffective vs [c][ffffff]Kinetic[-][/c],,,,,,,,,,,,,,,,
plastic,[c][ffffff]Carbon[-][/c][c][ffffff] (Block)[-][/c]\nEffective vs [c][ffffff]Energy[-][/c]\nIneffective vs [c][ffffff]Kinetic[-][/c],,,,,,,,,,,,,,,,
hulllight,[c][ffffff]Light Steel[-][/c][c][ffffff] (Block)[-][/c]\nEffective vs [c][ffffff]Energy[-][/c]\nIneffective vs [c][ffffff]Kinetic[-][/c],,,,,,,,,,,,,,,,
hull,[c][ffffff]Steel[-][/c][c][ffffff] (Block)[-][/c]\nEffective vs [c][ffffff]Energy[-][/c]\nIneffective vs [c][ffffff]Kinetic[-][/c],,,,,,,,,,,,,,,,
hullarmored,[c][ffffff]Armored Steel[-][/c][c][ffffff] (Block)[-][/c]\nEffective vs [c][ffffff]Energy[-][/c]\nIneffective vs [c][ffffff]Kinetic[-][/c],,,,,,,,,,,,,,,,
hullcombat,[c][ffffff]Combat Steel[-][/c][c][ffffff] (Block)[-][/c]\nEffective vs [c][ffffff]Energy[-][/c]\nIneffective vs [c][ffffff]Kinetic[-][/c],,,,,,,,,,,,,,,,
woodsoft,[c][ffffff]Soft Wood[-][/c][c][ffffff] (Block)[-][/c]\nEffective vs [c][ffffff]Energy[-][/c]\nIneffective vs [c][ffffff]Kinetic[-][/c],,,,,,,,,,,,,,,,
woodhard,[c][ffffff]Hard Wood[-][/c][c][ffffff] (Block)[-][/c]\nEffective vs [c][ffffff]Energy[-][/c]\nIneffective vs [c][ffffff]Kinetic[-][/c],,,,,,,,,,,,,,,,
wood,[c][ffffff]Wood[-][/c][c][ffffff] (Block)[-][/c]\nEffective vs [c][ffffff]Energy[-][/c]\nIneffective vs [c][ffffff]Kinetic[-][/c],,,,,,,,,,,,,,,,
material,Material (Type),,,,,,,,,,,,,,,,
CostPerAU,Pentaxid per AU,Pentaxid pro AE,Pentaxid Par UA,Per UA,Por UA,,Por AL,na AU,Pentaxid за АЕ,Per AU,每天文单位,每天文單位,,,Ανά ΑΜ,,mỗi AU
CostPerLY,Pentaxid per LY,Pentaxid pro LJ,Pentaxid Par AL,Per AL,Por AL,,Por LY,na LY,Pentaxid за СГ,Per LY,每光年,每光年,,,Ανά ΕΦ,,Mỗi LY
RangeAU,Jump Range AU (upgradeable),Sprungreichweite AU (erweiterbar),Portée max de saut UA,Portata di Salto UA,Alcance del salto UA,,Raio de Dobra AL,Zasięg AU,Дальность прыжка АЕ,ジャンプ範囲 AU,翘曲空间范围 天文单位,曲速空間範圍 天文單位,,,Εύρος Άλματος ΑΜ,,Phạm vi nhảy AU
RangeLY,Jump Range LY (upgradeable),Sprungreichweite LY (erweiterbar),Portée max de saut AL,Portata di Salto AL,Alcance del salto AL,,Raio de Dibra LY,Zasięg LY,Дальность прыжка СГ,ジャンプ範囲 LY,翘曲空间范围 光年,曲速空間範圍 光年,,,Εύρος Άλματος ΕΦ,,Phạm vi nhảy LY
HWS_material_devices_kinetic,"[c][ffffff]Kinetic[-][/c][c][ffffff] (Device)[-][/c]\nEffective vs [c][ffffff]Blocks, Creatures[-][/c]\nIneffective vs [c][ffffff]Shield, Elements, [-][/c][c][ffffff]Energy[-][/c]",,,,,,,,,,,,,,,,
HWS_material_devices_energy,"[c][ffffff]Energy[-][/c][c][ffffff] (Device)[-][/c]\nEffective vs [c][ffffff]Shield, Devices[-][/c]\nIneffective vs [c][ffffff]Blocks, Elements, Energy[-][/c]",,,,,,,,,,,,,,,,
HWS_material_weapon_kinetic,"[c][ffffff]Kinetic[-][/c][c][ffffff] (Weapon)[-][/c]\nEffective vs [c][ffffff]Creatures, Blocks[-][/c]\nIneffective vs [c][ffffff]Shield, Elements[-][/c]",,,,,,,,,,,,,,,,
HWS_material_weapon_energy,"[c][ffffff]Energy[-][/c][c][ffffff] (Weapon)[-][/c]\nEffective vs [c][ffffff]Shield, Devices[-][/c]\nIneffective vs [c][ffffff]Blocks, Elements[-][/c]",,,,,,,,,,,,,,,,
HWS_ItemInfo_HWSElementFluidAquaTemplate,HWS_ItemInfo_HWSElementFluidAquaTemplate,,,,,,,,,,,,,,,,
HWS_ItemInfo_HWSElementAquaFluid,A fragment of a larger whole.,,,,,,,,,,,,,,,,
HWS_ItemInfo_HWSElementAquaGas,A fragment of a larger whole.,,,,,,,,,,,,,,,,
HWS_ItemInfo_HWSElementAquaSolid,A fragment of a larger whole.,,,,,,,,,,,,,,,,
HWS_ItemInfo_HWSElementAquaCrystal,The complete element expresses itself as a crystal.,,,,,,,,,,,,,,,,
HWS_ItemInfo_HWSElementAquaEssence,The element in its purest form.,,,,,,,,,,,,,,,,
HWS_ItemInfo_HWSElementPyroFluid,A fragment of a larger whole.,,,,,,,,,,,,,,,,
HWS_ItemInfo_HWSElementPyroGas,A fragment of a larger whole.,,,,,,,,,,,,,,,,
HWS_ItemInfo_HWSElementPyroSolid,A fragment of a larger whole.,,,,,,,,,,,,,,,,
HWS_ItemInfo_HWSElementPyroCrystal,The complete element expresses itself as a crystal.,,,,,,,,,,,,,,,,
HWS_ItemInfo_HWSElementPyroEssence,The element in its purest form.,,,,,,,,,,,,,,,,
HWS_ItemInfo_HWSElementTerraFluid,A fragment of a larger whole.,,,,,,,,,,,,,,,,
HWS_ItemInfo_HWSElementTerraGas,A fragment of a larger whole.,,,,,,,,,,,,,,,,
HWS_ItemInfo_HWSElementTerraSolid,A fragment of a larger whole.,,,,,,,,,,,,,,,,
HWS_ItemInfo_HWSElementTerraCrystal,The complete element expresses itself as a crystal.,,,,,,,,,,,,,,,,
HWS_ItemInfo_HWSElementTerraEssence,The element in its purest form.,,,,,,,,,,,,,,,,
HWS_ItemInfo_HWSElementLuxFluid,A fragment of a larger whole.,,,,,,,,,,,,,,,,
HWS_ItemInfo_HWSElementLuxGas,A fragment of a larger whole.,,,,,,,,,,,,,,,,
HWS_ItemInfo_HWSElementLuxSolid,A fragment of a larger whole.,,,,,,,,,,,,,,,,
HWS_ItemInfo_HWSElementLuxCrystal,The complete element expresses itself as a crystal.,,,,,,,,,,,,,,,,
HWS_ItemInfo_HWSElementLuxEssence,The element in its purest form.,,,,,,,,,,,,,,,,
HWS_ItemInfo_HWSElementNoxFluid,A fragment of a larger whole.,,,,,,,,,,,,,,,,
HWS_ItemInfo_HWSElementNoxGas,A fragment of a larger whole.,,,,,,,,,,,,,,,,
HWS_ItemInfo_HWSElementNoxSolid,A fragment of a larger whole.,,,,,,,,,,,,,,,,
HWS_ItemInfo_HWSElementNoxCrystal,The complete element expresses itself as a crystal.,,,,,,,,,,,,,,,,
HWS_ItemInfo_HWSElementNoxEssence,The element in its purest form.,,,,,,,,,,,,,,,,
HWS_ItemInfo_HWSElementStrangelet,HWS_ItemInfo_HWSElementStrangelet,,,,,,,,,,,,,,,,
HWS_ItemInfo_HWSElementStrangeletRefined,HWS_ItemInfo_HWSElementStrangeletRefined,,,,,,,,,,,,,,,,
HWS_ItemInfo_HWSEGSPhone,"Use this item to open the EGS Web\n\nPress shift + right click on device, to use from inventory.\n\nNote, if this item doesn't open EGS Web when consumed, open the PDA, go under Missions and then find EGS Web. There you can also open the EGS Web.",,,,,,,,,,,,,,,,
HWS_ItemInfo_HWSSatelliteConstructionKit,"This satellite can be deployed, through the EGS Web.",,,,,,,,,,,,,,,,
HWS_ItemInfo_HWSTungstenOre,HWS_ItemInfo_HWSTungstenOre,,,,,,,,,,,,,,,,
HWS_ItemInfo_HWSTungstenIngot,HWS_ItemInfo_HWSTungstenIngot,,,,,,,,,,,,,,,,
HWS_ItemInfo_HWSChromiteOre,HWS_ItemInfo_HWSChromiteOre,,,,,,,,,,,,,,,,
HWS_ItemInfo_HWSChromium,HWS_ItemInfo_HWSChromium,,,,,,,,,,,,,,,,
HWS_ItemInfo_HWSBismuthOre,HWS_ItemInfo_HWSBismuthOre,,,,,,,,,,,,,,,,
HWS_ItemInfo_HWSBismuthIngot,HWS_ItemInfo_HWSBismuthIngot,,,,,,,,,,,,,,,,
HWS_ItemInfo_HWSColtan,HWS_ItemInfo_HWSColtan,,,,,,,,,,,,,,,,
HWS_ItemInfo_HWSTantal,HWS_ItemInfo_HWSTantal,,,,,,,,,,,,,,,,
HWS_ItemInfo_HWSElementalWater,HWS_ItemInfo_HWSElementalWater,,,,,,,,,,,,,,,,
HWS_ItemInfo_HWSElementalSpice,HWS_ItemInfo_HWSElementalSpice,,,,,,,,,,,,,,,,
HWS_ItemInfo_HWSHWSCarbonOre,HWS_ItemInfo_HWSHWSCarbonOre,,,,,,,,,,,,,,,,
HWS_ItemInfo_PlasticMaterial,Raw composite that can be refined out of Carbon Ore. A fireproof and lightweight building material.,,,,,,,,,,,,,,,,
HWSElementalMultitool, Elemental Multitool
HWSEGSPhone, EGS Web Phone,
HWSAquaBlocksLarge,Aqua Blocks L,,,,,,,,,,,,,,,,
HWSAquaBlockLarge,HWSAquaBlockLarge,,,,,,,,,,,,,,,,
HWSAquaBlockThinLarge,HWSAquaBlockThinLarge,,,,,,,,,,,,,,,,
HWSAquaBlockLargeExtended,HWSAquaBlockLargeExtended,,,,,,,,,,,,,,,,
HWSAquaBlockLargeExtended2,HWSAquaBlockLargeExtended2,,,,,,,,,,,,,,,,
HWSAquaBlockLargeExtended3,HWSAquaBlockLargeExtended3,,,,,,,,,,,,,,,,
HWSAquaBlockLargeExtended4,HWSAquaBlockLargeExtended4,,,,,,,,,,,,,,,,
HWSAquaBlockLargeExtended5,HWSAquaBlockLargeExtended5,,,,,,,,,,,,,,,,
HWSAquaBlockLargeExtended6,HWSAquaBlockLargeExtended6,,,,,,,,,,,,,,,,
HWSAquaBlocksSmall,Aqua Blocks S,,,,,,,,,,,,,,,,
HWSAquaBlockSmall,HWSAquaBlockSmall,,,,,,,,,,,,,,,,
HWSAquaBlockThinSmall,HWSAquaBlockThinSmall,,,,,,,,,,,,,,,,
HWSAquaBlockSmallExtended,HWSAquaBlockSmallExtended,,,,,,,,,,,,,,,,
HWSAquaBlockSmallExtended2,HWSAquaBlockSmallExtended2,,,,,,,,,,,,,,,,
HWSAquaBlockSmallExtended3,HWSAquaBlockSmallExtended3,,,,,,,,,,,,,,,,
HWSAquaBlockSmallExtended4,HWSAquaBlockSmallExtended4,,,,,,,,,,,,,,,,
HWSAquaBlockSmallExtended5,HWSAquaBlockSmallExtended5,,,,,,,,,,,,,,,,
HWSAquaBlockSmallExtended6,HWSAquaBlockSmallExtended6,,,,,,,,,,,,,,,,
HWSTerraBlocksLarge,Terra Blocks L,,,,,,,,,,,,,,,,
HWSTerraBlockLarge,HWSTerraBlockLarge,,,,,,,,,,,,,,,,
HWSTerraBlockThinLarge,HWSTerraBlockThinLarge,,,,,,,,,,,,,,,,
HWSTerraBlockLargeExtended,HWSTerraBlockLargeExtended,,,,,,,,,,,,,,,,
HWSTerraBlockLargeExtended2,HWSTerraBlockLargeExtended2,,,,,,,,,,,,,,,,
HWSTerraBlockLargeExtended3,HWSTerraBlockLargeExtended3,,,,,,,,,,,,,,,,
HWSTerraBlockLargeExtended4,HWSTerraBlockLargeExtended4,,,,,,,,,,,,,,,,
HWSTerraBlockLargeExtended5,HWSTerraBlockLargeExtended5,,,,,,,,,,,,,,,,
HWSTerraBlockLargeExtended6,HWSTerraBlockLargeExtended6,,,,,,,,,,,,,,,,
HWSTerraBlocksSmall,Terra Blocks S,,,,,,,,,,,,,,,,
HWSTerraBlockSmall,HWSTerraBlockSmall,,,,,,,,,,,,,,,,
HWSTerraBlockThinSmall,HWSTerraBlockThinSmall,,,,,,,,,,,,,,,,
HWSTerraBlockSmallExtended,HWSTerraBlockSmallExtended,,,,,,,,,,,,,,,,
HWSTerraBlockSmallExtended2,HWSTerraBlockSmallExtended2,,,,,,,,,,,,,,,,
HWSTerraBlockSmallExtended3,HWSTerraBlockSmallExtended3,,,,,,,,,,,,,,,,
HWSTerraBlockSmallExtended4,HWSTerraBlockSmallExtended4,,,,,,,,,,,,,,,,
HWSTerraBlockSmallExtended5,HWSTerraBlockSmallExtended5,,,,,,,,,,,,,,,,
HWSTerraBlockSmallExtended6,HWSTerraBlockSmallExtended6,,,,,,,,,,,,,,,,
HWSPyroBlocksLarge,Pyro Blocks L,,,,,,,,,,,,,,,,
HWSPyroBlockLarge,HWSPyroBlockLarge,,,,,,,,,,,,,,,,
HWSPyroBlockThinLarge,HWSPyroBlockThinLarge,,,,,,,,,,,,,,,,
HWSPyroBlockLargeExtended,HWSPyroBlockLargeExtended,,,,,,,,,,,,,,,,
HWSPyroBlockLargeExtended2,HWSPyroBlockLargeExtended2,,,,,,,,,,,,,,,,
HWSPyroBlockLargeExtended3,HWSPyroBlockLargeExtended3,,,,,,,,,,,,,,,,
HWSPyroBlockLargeExtended4,HWSPyroBlockLargeExtended4,,,,,,,,,,,,,,,,
HWSPyroBlockLargeExtended5,HWSPyroBlockLargeExtended5,,,,,,,,,,,,,,,,
HWSPyroBlockLargeExtended6,HWSPyroBlockLargeExtended6,,,,,,,,,,,,,,,,
HWSPyroBlocksSmall,Pyro Blocks S,,,,,,,,,,,,,,,,
HWSPyroBlockSmall,HWSPyroBlockSmall,,,,,,,,,,,,,,,,
HWSPyroBlockThinSmall,HWSPyroBlockThinSmall,,,,,,,,,,,,,,,,
HWSPyroBlockSmallExtended,HWSPyroBlockSmallExtended,,,,,,,,,,,,,,,,
HWSPyroBlockSmallExtended2,HWSPyroBlockSmallExtended2,,,,,,,,,,,,,,,,
HWSPyroBlockSmallExtended3,HWSPyroBlockSmallExtended3,,,,,,,,,,,,,,,,
HWSPyroBlockSmallExtended4,HWSPyroBlockSmallExtended4,,,,,,,,,,,,,,,,
HWSPyroBlockSmallExtended5,HWSPyroBlockSmallExtended5,,,,,,,,,,,,,,,,
HWSPyroBlockSmallExtended6,HWSPyroBlockSmallExtended6,,,,,,,,,,,,,,,,
HWSObsidianBlocksLarge,Obsidian Blocks L,,,,,,,,,,,,,,,,
HWSObsidianBlockLarge,HWSObsidianBlockLarge,,,,,,,,,,,,,,,,
HWSObsidianBlockThinLarge,HWSObsidianBlockThinLarge,,,,,,,,,,,,,,,,
HWSObsidianBlockLargeExtended,HWSObsidianBlockLargeExtended,,,,,,,,,,,,,,,,
HWSObsidianBlockLargeExtended2,HWSObsidianBlockLargeExtended2,,,,,,,,,,,,,,,,
HWSObsidianBlockLargeExtended3,HWSObsidianBlockLargeExtended3,,,,,,,,,,,,,,,,
HWSObsidianBlockLargeExtended4,HWSObsidianBlockLargeExtended4,,,,,,,,,,,,,,,,
HWSObsidianBlockLargeExtended5,HWSObsidianBlockLargeExtended5,,,,,,,,,,,,,,,,
HWSObsidianBlockLargeExtended6,HWSObsidianBlockLargeExtended6,,,,,,,,,,,,,,,,
HWSObsidianBlocksSmall,Obsidian Blocks S,,,,,,,,,,,,,,,,
HWSObsidianBlockSmall,HWSObsidianBlockSmall,,,,,,,,,,,,,,,,
HWSObsidianBlockThinSmall,HWSObsidianBlockThinSmall,,,,,,,,,,,,,,,,
HWSObsidianBlockSmallExtended,HWSObsidianBlockSmallExtended,,,,,,,,,,,,,,,,
HWSObsidianBlockSmallExtended2,HWSObsidianBlockSmallExtended2,,,,,,,,,,,,,,,,
HWSObsidianBlockSmallExtended3,HWSObsidianBlockSmallExtended3,,,,,,,,,,,,,,,,
HWSObsidianBlockSmallExtended4,HWSObsidianBlockSmallExtended4,,,,,,,,,,,,,,,,
HWSObsidianBlockSmallExtended5,HWSObsidianBlockSmallExtended5,,,,,,,,,,,,,,,,
HWSObsidianBlockSmallExtended6,HWSObsidianBlockSmallExtended6,,,,,,,,,,,,,,,,
HWSLuxBlocksLarge,Lux Blocks L,,,,,,,,,,,,,,,,
HWSLuxBlockLarge,HWSLuxBlockLarge,,,,,,,,,,,,,,,,
HWSLuxBlockThinLarge,HWSLuxBlockThinLarge,,,,,,,,,,,,,,,,
HWSLuxBlockLargeExtended,HWSLuxBlockLargeExtended,,,,,,,,,,,,,,,,
HWSLuxBlockLargeExtended2,HWSLuxBlockLargeExtended2,,,,,,,,,,,,,,,,
HWSLuxBlockLargeExtended3,HWSLuxBlockLargeExtended3,,,,,,,,,,,,,,,,
HWSLuxBlockLargeExtended4,HWSLuxBlockLargeExtended4,,,,,,,,,,,,,,,,
HWSLuxBlockLargeExtended5,HWSLuxBlockLargeExtended5,,,,,,,,,,,,,,,,
HWSLuxBlockLargeExtended6,HWSLuxBlockLargeExtended6,,,,,,,,,,,,,,,,
HWSLuxBlocksSmall,Lux Blocks S,,,,,,,,,,,,,,,,
HWSLuxBlockSmall,HWSLuxBlockSmall,,,,,,,,,,,,,,,,
HWSLuxBlockThinSmall,HWSLuxBlockThinSmall,,,,,,,,,,,,,,,,
HWSLuxBlockSmallExtended,HWSLuxBlockSmallExtended,,,,,,,,,,,,,,,,
HWSLuxBlockSmallExtended2,HWSLuxBlockSmallExtended2,,,,,,,,,,,,,,,,
HWSLuxBlockSmallExtended3,HWSLuxBlockSmallExtended3,,,,,,,,,,,,,,,,
HWSLuxBlockSmallExtended4,HWSLuxBlockSmallExtended4,,,,,,,,,,,,,,,,
HWSLuxBlockSmallExtended5,HWSLuxBlockSmallExtended5,,,,,,,,,,,,,,,,
HWSLuxBlockSmallExtended6,HWSLuxBlockSmallExtended6,,,,,,,,,,,,,,,,
HWSNoxBlocksLarge,Nox Blocks L,,,,,,,,,,,,,,,,
HWSNoxBlockLarge,HWSNoxBlockLarge,,,,,,,,,,,,,,,,
HWSNoxBlockThinLarge,HWSNoxBlockThinLarge,,,,,,,,,,,,,,,,
HWSNoxBlockLargeExtended,HWSNoxBlockLargeExtended,,,,,,,,,,,,,,,,
HWSNoxBlockLargeExtended2,HWSNoxBlockLargeExtended2,,,,,,,,,,,,,,,,
HWSNoxBlockLargeExtended3,HWSNoxBlockLargeExtended3,,,,,,,,,,,,,,,,
HWSNoxBlockLargeExtended4,HWSNoxBlockLargeExtended4,,,,,,,,,,,,,,,,
HWSNoxBlockLargeExtended5,HWSNoxBlockLargeExtended5,,,,,,,,,,,,,,,,
HWSNoxBlockLargeExtended6,HWSNoxBlockLargeExtended6,,,,,,,,,,,,,,,,
HWSNoxBlocksSmall,Nox Blocks S,,,,,,,,,,,,,,,,
HWSNoxBlockSmall,HWSNoxBlockSmall,,,,,,,,,,,,,,,,
HWSNoxBlockThinSmall,HWSNoxBlockThinSmall,,,,,,,,,,,,,,,,
HWSNoxBlockSmallExtended,HWSNoxBlockSmallExtended,,,,,,,,,,,,,,,,
HWSNoxBlockSmallExtended2,HWSNoxBlockSmallExtended2,,,,,,,,,,,,,,,,
HWSNoxBlockSmallExtended3,HWSNoxBlockSmallExtended3,,,,,,,,,,,,,,,,
HWSNoxBlockSmallExtended4,HWSNoxBlockSmallExtended4,,,,,,,,,,,,,,,,
HWSNoxBlockSmallExtended5,HWSNoxBlockSmallExtended5,,,,,,,,,,,,,,,,
HWSNoxBlockSmallExtended6,HWSNoxBlockSmallExtended6,,,,,,,,,,,,,,,,
HWSStrangeletBlocksLarge,Strangelet Blocks L,,,,,,,,,,,,,,,,
HWSStrangeletBlockLarge,HWSStrangeletBlockLarge,,,,,,,,,,,,,,,,
HWSStrangeletBlockThinLarge,HWSStrangeletBlockThinLarge,,,,,,,,,,,,,,,,
HWSStrangeletBlockLargeExtended,HWSStrangeletBlockLargeExtended,,,,,,,,,,,,,,,,
HWSStrangeletBlockLargeExtended2,HWSStrangeletBlockLargeExtended2,,,,,,,,,,,,,,,,
HWSStrangeletBlockLargeExtended3,HWSStrangeletBlockLargeExtended3,,,,,,,,,,,,,,,,
HWSStrangeletBlockLargeExtended4,HWSStrangeletBlockLargeExtended4,,,,,,,,,,,,,,,,
HWSStrangeletBlockLargeExtended5,HWSStrangeletBlockLargeExtended5,,,,,,,,,,,,,,,,
HWSStrangeletBlockLargeExtended6,HWSStrangeletBlockLargeExtended6,,,,,,,,,,,,,,,,
HWSStrangeletBlocksSmall,Strangelet Blocks S,,,,,,,,,,,,,,,,
HWSStrangeletBlockSmall,HWSStrangeletBlockSmall,,,,,,,,,,,,,,,,
HWSStrangeletBlockThinSmall,HWSStrangeletBlockThinSmall,,,,,,,,,,,,,,,,
HWSStrangeletBlockSmallExtended,HWSStrangeletBlockSmallExtended,,,,,,,,,,,,,,,,
HWSStrangeletBlockSmallExtended2,HWSStrangeletBlockSmallExtended2,,,,,,,,,,,,,,,,
HWSStrangeletBlockSmallExtended3,HWSStrangeletBlockSmallExtended3,,,,,,,,,,,,,,,,
HWSStrangeletBlockSmallExtended4,HWSStrangeletBlockSmallExtended4,,,,,,,,,,,,,,,,
HWSStrangeletBlockSmallExtended5,HWSStrangeletBlockSmallExtended5,,,,,,,,,,,,,,,,
HWSStrangeletBlockSmallExtended6,HWSStrangeletBlockSmallExtended6,,,,,,,,,,,,,,,,
HWSAquaTurretBABlocks,Aqua Turret BA Blocks,,,,,,,,,,,,,,,,
HWSAquaTurretBAT1,Aqua Turret BA T1,,,,,,,,,,,,,,,,
HWSAquaTurretBAT2,Aqua Turret BA T2,,,,,,,,,,,,,,,,
HWSAquaTurretBAT3,Aqua Turret BA T3,,,,,,,,,,,,,,,,
HWSAquaTurretBAT4,Aqua Turret BA T4,,,,,,,,,,,,,,,,
HWSAquaTurretBAT5,Aqua Turret BA T5,,,,,,,,,,,,,,,,
HWSTerraTurretBABlocks,Terra Turret BA Blocks,,,,,,,,,,,,,,,,
HWSTerraTurretBAT1,Terra Turret BA T1,,,,,,,,,,,,,,,,
HWSTerraTurretBAT2,Terra Turret BA T2,,,,,,,,,,,,,,,,
HWSTerraTurretBAT3,Terra Turret BA T3,,,,,,,,,,,,,,,,
HWSTerraTurretBAT4,Terra Turret BA T4,,,,,,,,,,,,,,,,
HWSTerraTurretBAT5,Terra Turret BA T5,,,,,,,,,,,,,,,,
HWSPyroTurretBABlocks,Pyro Turret BA Blocks,,,,,,,,,,,,,,,,
HWSPyroTurretBAT1,Pyro Turret BA T1,,,,,,,,,,,,,,,,
HWSPyroTurretBAT2,Pyro Turret BA T2,,,,,,,,,,,,,,,,
HWSPyroTurretBAT3,Pyro Turret BA T3,,,,,,,,,,,,,,,,
HWSPyroTurretBAT4,Pyro Turret BA T4,,,,,,,,,,,,,,,,
HWSPyroTurretBAT5,Pyro Turret BA T5,,,,,,,,,,,,,,,,
HWSObsidianTurretBABlocks,Obsidian Turret BA Blocks,,,,,,,,,,,,,,,,
HWSObsidianTurretBAT1,Obsidian Turret BA T1,,,,,,,,,,,,,,,,
HWSObsidianTurretBAT2,Obsidian Turret BA T2,,,,,,,,,,,,,,,,
HWSObsidianTurretBAT3,Obsidian Turret BA T3,,,,,,,,,,,,,,,,
HWSObsidianTurretBAT4,Obsidian Turret BA T4,,,,,,,,,,,,,,,,
HWSObsidianTurretBAT5,Obsidian Turret BA T5,,,,,,,,,,,,,,,,
HWSLuxTurretBABlocks,Lux Turret BA Blocks,,,,,,,,,,,,,,,,
HWSLuxTurretBAT1,Lux Turret BA T1,,,,,,,,,,,,,,,,
HWSLuxTurretBAT2,Lux Turret BA T2,,,,,,,,,,,,,,,,
HWSLuxTurretBAT3,Lux Turret BA T3,,,,,,,,,,,,,,,,
HWSLuxTurretBAT4,Lux Turret BA T4,,,,,,,,,,,,,,,,
HWSLuxTurretBAT5,Lux Turret BA T5,,,,,,,,,,,,,,,,
HWSNoxTurretBABlocks,Nox Turret BA Blocks,,,,,,,,,,,,,,,,
HWSNoxTurretBAT1,Nox Turret BA T1,,,,,,,,,,,,,,,,
HWSNoxTurretBAT2,Nox Turret BA T2,,,,,,,,,,,,,,,,
HWSNoxTurretBAT3,Nox Turret BA T3,,,,,,,,,,,,,,,,
HWSNoxTurretBAT4,Nox Turret BA T4,,,,,,,,,,,,,,,,
HWSNoxTurretBAT5,Nox Turret BA T5,,,,,,,,,,,,,,,,
HWSStrangeletTurretBABlocks,Strangelet Turret BA Blocks,,,,,,,,,,,,,,,,
HWSStrangeletTurretBAT1,Strangelet Turret BA T1,,,,,,,,,,,,,,,,
HWSStrangeletTurretBAT2,Strangelet Turret BA T2,,,,,,,,,,,,,,,,
HWSStrangeletTurretBAT3,Strangelet Turret BA T3,,,,,,,,,,,,,,,,
HWSStrangeletTurretBAT4,Strangelet Turret BA T4,,,,,,,,,,,,,,,,
HWSStrangeletTurretBAT5,Strangelet Turret BA T5,,,,,,,,,,,,,,,,
HWSChaosTurretBABlocks,Chaos Turret BA Blocks,,,,,,,,,,,,,,,,
HWSAquaChaosTurretBA,Aqua Chaos Turret BA,,,,,,,,,,,,,,,,
HWSTerraChaosTurretBA,Terra Chaos Turret BA,,,,,,,,,,,,,,,,
HWSPyroChaosTurretBA,Pyro Chaos Turret BA,,,,,,,,,,,,,,,,
HWSObsidianChaosTurretBA,Obsidian Chaos Turret BA,,,,,,,,,,,,,,,,
HWSLuxChaosTurretBA,Lux Chaos Turret BA,,,,,,,,,,,,,,,,
HWSNoxChaosTurretBA,Nox Chaos Turret BA,,,,,,,,,,,,,,,,
HWSStrangeletChaosTurretBA,Strangelet Chaos Turret BA,,,,,,,,,,,,,,,,
HWSAquaTurretCVBlocks,Aqua Turret CV Blocks,,,,,,,,,,,,,,,,
HWSAquaTurretCVT1,Aqua Turret CV T1,,,,,,,,,,,,,,,,
HWSAquaTurretCVT2,Aqua Turret CV T2,,,,,,,,,,,,,,,,
HWSAquaTurretCVT3,Aqua Turret CV T3,,,,,,,,,,,,,,,,
HWSAquaTurretCVT4,Aqua Turret CV T4,,,,,,,,,,,,,,,,
HWSTerraTurretCVBlocks,Terra Turret CV Blocks,,,,,,,,,,,,,,,,
HWSTerraTurretCVT1,Terra Turret CV T1,,,,,,,,,,,,,,,,
HWSTerraTurretCVT2,Terra Turret CV T2,,,,,,,,,,,,,,,,
HWSTerraTurretCVT3,Terra Turret CV T3,,,,,,,,,,,,,,,,
HWSTerraTurretCVT4,Terra Turret CV T4,,,,,,,,,,,,,,,,
HWSPyroTurretCVBlocks,Pyro Turret CV Blocks,,,,,,,,,,,,,,,,
HWSPyroTurretCVT1,Pyro Turret CV T1,,,,,,,,,,,,,,,,
HWSPyroTurretCVT2,Pyro Turret CV T2,,,,,,,,,,,,,,,,
HWSPyroTurretCVT3,Pyro Turret CV T3,,,,,,,,,,,,,,,,
HWSPyroTurretCVT4,Pyro Turret CV T4,,,,,,,,,,,,,,,,
HWSObsidianTurretCVBlocks,Obsidian Turret CV Blocks,,,,,,,,,,,,,,,,
HWSObsidianTurretCVT1,Obsidian Turret CV T1,,,,,,,,,,,,,,,,
HWSObsidianTurretCVT2,Obsidian Turret CV T2,,,,,,,,,,,,,,,,
HWSObsidianTurretCVT3,Obsidian Turret CV T3,,,,,,,,,,,,,,,,
HWSObsidianTurretCVT4,Obsidian Turret CV T4,,,,,,,,,,,,,,,,
HWSLuxTurretCVBlocks,Lux Turret CV Blocks,,,,,,,,,,,,,,,,
HWSLuxTurretCVT1,Lux Turret CV T1,,,,,,,,,,,,,,,,
HWSLuxTurretCVT2,Lux Turret CV T2,,,,,,,,,,,,,,,,
HWSLuxTurretCVT3,Lux Turret CV T3,,,,,,,,,,,,,,,,
HWSLuxTurretCVT4,Lux Turret CV T4,,,,,,,,,,,,,,,,
HWSNoxTurretCVBlocks,Nox Turret CV Blocks,,,,,,,,,,,,,,,,
HWSNoxTurretCVT1,Nox Turret CV T1,,,,,,,,,,,,,,,,
HWSNoxTurretCVT2,Nox Turret CV T2,,,,,,,,,,,,,,,,
HWSNoxTurretCVT3,Nox Turret CV T3,,,,,,,,,,,,,,,,
HWSNoxTurretCVT4,Nox Turret CV T4,,,,,,,,,,,,,,,,
HWSStrangeletTurretCVBlocks,Strangelet Turret CV Blocks,,,,,,,,,,,,,,,,
HWSStrangeletTurretCVT1,Strangelet Turret CV T1,,,,,,,,,,,,,,,,
HWSStrangeletTurretCVT2,Strangelet Turret CV T2,,,,,,,,,,,,,,,,
HWSStrangeletTurretCVT3,Strangelet Turret CV T3,,,,,,,,,,,,,,,,
HWSStrangeletTurretCVT4,Strangelet Turret CV T4,,,,,,,,,,,,,,,,
HWSChaosTurretCVBlocks,Chaos Turret CV Blocks,,,,,,,,,,,,,,,,
HWSAquaChaosTurretCV,Aqua Chaos Turret CV,,,,,,,,,,,,,,,,
HWSTerraChaosTurretCV,Terra Chaos Turret CV,,,,,,,,,,,,,,,,
HWSPyroChaosTurretCV,Pyro Chaos Turret CV,,,,,,,,,,,,,,,,
HWSObsidianChaosTurretCV,Obsidian Chaos Turret CV,,,,,,,,,,,,,,,,
HWSLuxChaosTurretCV,Lux Chaos Turret CV,,,,,,,,,,,,,,,,
HWSNoxChaosTurretCV,Nox Chaos Turret CV,,,,,,,,,,,,,,,,
HWSStrangeletChaosTurretCV,Strangelet Chaos Turret CV,,,,,,,,,,,,,,,,
HWSAquaGunCVBlocks,Aqua Gun CV Blocks,,,,,,,,,,,,,,,,
HWSAquaGunCVT1,Aqua Gun CV T1,,,,,,,,,,,,,,,,
HWSAquaGunCVT2,Aqua Gun CV T2,,,,,,,,,,,,,,,,
HWSAquaGunCVT3,Aqua Gun CV T3,,,,,,,,,,,,,,,,
HWSTerraGunCVBlocks,Terra Gun CV Blocks,,,,,,,,,,,,,,,,
HWSTerraGunCVT1,Terra Gun CV T1,,,,,,,,,,,,,,,,
HWSTerraGunCVT2,Terra Gun CV T2,,,,,,,,,,,,,,,,
HWSTerraGunCVT3,Terra Gun CV T3,,,,,,,,,,,,,,,,
HWSPyroGunCVBlocks,Pyro Gun CV Blocks,,,,,,,,,,,,,,,,
HWSPyroGunCVT1,Pyro Gun CV T1,,,,,,,,,,,,,,,,
HWSPyroGunCVT2,Pyro Gun CV T2,,,,,,,,,,,,,,,,
HWSPyroGunCVT3,Pyro Gun CV T3,,,,,,,,,,,,,,,,
HWSObsidianGunCVBlocks,Obsidian Gun CV Blocks,,,,,,,,,,,,,,,,
HWSObsidianGunCVT1,Obsidian Gun CV T1,,,,,,,,,,,,,,,,
HWSObsidianGunCVT2,Obsidian Gun CV T2,,,,,,,,,,,,,,,,
HWSObsidianGunCVT3,Obsidian Gun CV T3,,,,,,,,,,,,,,,,
HWSLuxGunCVBlocks,Lux Gun CV Blocks,,,,,,,,,,,,,,,,
HWSLuxGunCVT1,Lux Gun CV T1,,,,,,,,,,,,,,,,
HWSLuxGunCVT2,Lux Gun CV T2,,,,,,,,,,,,,,,,
HWSLuxGunCVT3,Lux Gun CV T3,,,,,,,,,,,,,,,,
HWSNoxGunCVBlocks,Nox Gun CV Blocks,,,,,,,,,,,,,,,,
HWSNoxGunCVT1,Nox Gun CV T1,,,,,,,,,,,,,,,,
HWSNoxGunCVT2,Nox Gun CV T2,,,,,,,,,,,,,,,,
HWSNoxGunCVT3,Nox Gun CV T3,,,,,,,,,,,,,,,,
HWSStrangeletGunCVBlocks,Strangelet Gun CV Blocks,,,,,,,,,,,,,,,,
HWSStrangeletGunCVT1,Strangelet Gun CV T1,,,,,,,,,,,,,,,,
HWSStrangeletGunCVT2,Strangelet Gun CV T2,,,,,,,,,,,,,,,,
HWSStrangeletGunCVT3,Strangelet Gun CV T3,,,,,,,,,,,,,,,,
HWSAquaTurretHVBlocks,Aqua Turret HV Blocks,,,,,,,,,,,,,,,,
HWSAquaTurretHVT1,Aqua Turret HV T1,,,,,,,,,,,,,,,,
HWSAquaTurretHVT2,Aqua Turret HV T2,,,,,,,,,,,,,,,,
HWSAquaTurretHVT3,Aqua Turret HV T3,,,,,,,,,,,,,,,,
HWSAquaTurretHVT4,Aqua Turret HV T4,,,,,,,,,,,,,,,,
HWSTerraTurretHVBlocks,Terra Turret HV Blocks,,,,,,,,,,,,,,,,
HWSTerraTurretHVT1,Terra Turret HV T1,,,,,,,,,,,,,,,,
HWSTerraTurretHVT2,Terra Turret HV T2,,,,,,,,,,,,,,,,
HWSTerraTurretHVT3,Terra Turret HV T3,,,,,,,,,,,,,,,,
HWSTerraTurretHVT4,Terra Turret HV T4,,,,,,,,,,,,,,,,
HWSPyroTurretHVBlocks,Pyro Turret HV Blocks,,,,,,,,,,,,,,,,
HWSPyroTurretHVT1,Pyro Turret HV T1,,,,,,,,,,,,,,,,
HWSPyroTurretHVT2,Pyro Turret HV T2,,,,,,,,,,,,,,,,
HWSPyroTurretHVT3,Pyro Turret HV T3,,,,,,,,,,,,,,,,
HWSPyroTurretHVT4,Pyro Turret HV T4,,,,,,,,,,,,,,,,
HWSObsidianTurretHVBlocks,Obsidian Turret HV Blocks,,,,,,,,,,,,,,,,
HWSObsidianTurretHVT1,Obsidian Turret HV T1,,,,,,,,,,,,,,,,
HWSObsidianTurretHVT2,Obsidian Turret HV T2,,,,,,,,,,,,,,,,
HWSObsidianTurretHVT3,Obsidian Turret HV T3,,,,,,,,,,,,,,,,
HWSObsidianTurretHVT4,Obsidian Turret HV T4,,,,,,,,,,,,,,,,
HWSLuxTurretHVBlocks,Lux Turret HV Blocks,,,,,,,,,,,,,,,,
HWSLuxTurretHVT1,Lux Turret HV T1,,,,,,,,,,,,,,,,
HWSLuxTurretHVT2,Lux Turret HV T2,,,,,,,,,,,,,,,,
HWSLuxTurretHVT3,Lux Turret HV T3,,,,,,,,,,,,,,,,
HWSLuxTurretHVT4,Lux Turret HV T4,,,,,,,,,,,,,,,,
HWSNoxTurretHVBlocks,Nox Turret HV Blocks,,,,,,,,,,,,,,,,
HWSNoxTurretHVT1,Nox Turret HV T1,,,,,,,,,,,,,,,,
HWSNoxTurretHVT2,Nox Turret HV T2,,,,,,,,,,,,,,,,
HWSNoxTurretHVT3,Nox Turret HV T3,,,,,,,,,,,,,,,,
HWSNoxTurretHVT4,Nox Turret HV T4,,,,,,,,,,,,,,,,
HWSStrangeletTurretHVBlocks,Strangelet Turret HV Blocks,,,,,,,,,,,,,,,,
HWSStrangeletTurretHVT1,Strangelet Turret HV T1,,,,,,,,,,,,,,,,
HWSStrangeletTurretHVT2,Strangelet Turret HV T2,,,,,,,,,,,,,,,,
HWSStrangeletTurretHVT3,Strangelet Turret HV T3,,,,,,,,,,,,,,,,
HWSStrangeletTurretHVT4,Strangelet Turret HV T4,,,,,,,,,,,,,,,,
HWSChaosTurretHVBlocks,Chaos Turret HV Blocks,,,,,,,,,,,,,,,,
HWSAquaChaosTurretHV,Aqua Chaos Turret HV,,,,,,,,,,,,,,,,
HWSTerraChaosTurretHV,Terra Chaos Turret HV,,,,,,,,,,,,,,,,
HWSPyroChaosTurretHV,Pyro Chaos Turret HV,,,,,,,,,,,,,,,,
HWSObsidianChaosTurretHV,Obsidian Chaos Turret HV,,,,,,,,,,,,,,,,
HWSLuxChaosTurretHV,Lux Chaos Turret HV,,,,,,,,,,,,,,,,
HWSNoxChaosTurretHV,Nox Chaos Turret HV,,,,,,,,,,,,,,,,
HWSStrangeletChaosTurretHV,Strangelet Chaos Turret HV,,,,,,,,,,,,,,,,
HWSAquaGunHVBlocks,Aqua Gun HV Blocks,,,,,,,,,,,,,,,,
HWSAquaGunHVT1,Aqua Gun HV T1,,,,,,,,,,,,,,,,
HWSAquaGunHVT2,Aqua Gun HV T2,,,,,,,,,,,,,,,,
HWSTerraGunHVBlocks,Terra Gun HV Blocks,,,,,,,,,,,,,,,,
HWSTerraGunHVT1,Terra Gun HV T1,,,,,,,,,,,,,,,,
HWSTerraGunHVT2,Terra Gun HV T2,,,,,,,,,,,,,,,,
HWSPyroGunHVBlocks,Pyro Gun HV Blocks,,,,,,,,,,,,,,,,
HWSPyroGunHVT1,Pyro Gun HV T1,,,,,,,,,,,,,,,,
HWSPyroGunHVT2,Pyro Gun HV T2,,,,,,,,,,,,,,,,
HWSObsidianGunHVBlocks,Obsidian Gun HV Blocks,,,,,,,,,,,,,,,,
HWSObsidianGunHVT1,Obsidian Gun HV T1,,,,,,,,,,,,,,,,
HWSObsidianGunHVT2,Obsidian Gun HV T2,,,,,,,,,,,,,,,,
HWSLuxGunHVBlocks,Lux Gun HV Blocks,,,,,,,,,,,,,,,,
HWSLuxGunHVT1,Lux Gun HV T1,,,,,,,,,,,,,,,,
HWSLuxGunHVT2,Lux Gun HV T2,,,,,,,,,,,,,,,,
HWSNoxGunHVBlocks,Nox Gun HV Blocks,,,,,,,,,,,,,,,,
HWSNoxGunHVT1,Nox Gun HV T1,,,,,,,,,,,,,,,,
HWSNoxGunHVT2,Nox Gun HV T2,,,,,,,,,,,,,,,,
HWSStrangeletGunHVBlocks,Strangelet Gun HV Blocks,,,,,,,,,,,,,,,,
HWSStrangeletGunHVT1,Strangelet Gun HV T1,,,,,,,,,,,,,,,,
HWSStrangeletGunHVT2,Strangelet Gun HV T2,,,,,,,,,,,,,,,,
HWSAquaTurretSVBlocks,Aqua Turret SV Blocks,,,,,,,,,,,,,,,,
HWSAquaTurretSVT1,Aqua Turret SV T1,,,,,,,,,,,,,,,,
HWSAquaTurretSVT2,Aqua Turret SV T2,,,,,,,,,,,,,,,,
HWSTerraTurretSVBlocks,Terra Turret SV Blocks,,,,,,,,,,,,,,,,
HWSTerraTurretSVT1,Terra Turret SV T1,,,,,,,,,,,,,,,,
HWSTerraTurretSVT2,Terra Turret SV T2,,,,,,,,,,,,,,,,
HWSPyroTurretSVBlocks,Pyro Turret SV Blocks,,,,,,,,,,,,,,,,
HWSPyroTurretSVT1,Pyro Turret SV T1,,,,,,,,,,,,,,,,
HWSPyroTurretSVT2,Pyro Turret SV T2,,,,,,,,,,,,,,,,
HWSObsidianTurretSVBlocks,Obsidian Turret SV Blocks,,,,,,,,,,,,,,,,
HWSObsidianTurretSVT1,Obsidian Turret SV T1,,,,,,,,,,,,,,,,
HWSObsidianTurretSVT2,Obsidian Turret SV T2,,,,,,,,,,,,,,,,
HWSLuxTurretSVBlocks,Lux Turret SV Blocks,,,,,,,,,,,,,,,,
HWSLuxTurretSVT1,Lux Turret SV T1,,,,,,,,,,,,,,,,
HWSLuxTurretSVT2,Lux Turret SV T2,,,,,,,,,,,,,,,,
HWSNoxTurretSVBlocks,Nox Turret SV Blocks,,,,,,,,,,,,,,,,
HWSNoxTurretSVT1,Nox Turret SV T1,,,,,,,,,,,,,,,,
HWSNoxTurretSVT2,Nox Turret SV T2,,,,,,,,,,,,,,,,
HWSStrangeletTurretSVBlocks,Strangelet Turret SV Blocks,,,,,,,,,,,,,,,,
HWSStrangeletTurretSVT1,Strangelet Turret SV T1,,,,,,,,,,,,,,,,
HWSStrangeletTurretSVT2,Strangelet Turret SV T2,,,,,,,,,,,,,,,,
HWSChaosTurretSVBlocks,Chaos Turret SV Blocks,,,,,,,,,,,,,,,,
HWSAquaChaosTurretSV,Aqua Chaos Turret SV,,,,,,,,,,,,,,,,
HWSTerraChaosTurretSV,Terra Chaos Turret SV,,,,,,,,,,,,,,,,
HWSPyroChaosTurretSV,Pyro Chaos Turret SV,,,,,,,,,,,,,,,,
HWSObsidianChaosTurretSV,Obsidian Chaos Turret SV,,,,,,,,,,,,,,,,
HWSLuxChaosTurretSV,Lux Chaos Turret SV,,,,,,,,,,,,,,,,
HWSNoxChaosTurretSV,Nox Chaos Turret SV,,,,,,,,,,,,,,,,
HWSStrangeletChaosTurretSV,Strangelet Chaos Turret SV,,,,,,,,,,,,,,,,
HWSAquaGunSVBlocks,Aqua Gun SV Blocks,,,,,,,,,,,,,,,,
HWSAquaGunSVT1,Aqua Gun SV T1,,,,,,,,,,,,,,,,
HWSAquaGunSVT2,Aqua Gun SV T2,,,,,,,,,,,,,,,,
HWSAquaGunSVT3,Aqua Gun SV T3,,,,,,,,,,,,,,,,
HWSAquaGunSVT4,Aqua Gun SV T4,,,,,,,,,,,,,,,,
HWSTerraGunSVBlocks,Terra Gun SV Blocks,,,,,,,,,,,,,,,,
HWSTerraGunSVT1,Terra Gun SV T1,,,,,,,,,,,,,,,,
HWSTerraGunSVT2,Terra Gun SV T2,,,,,,,,,,,,,,,,
HWSTerraGunSVT3,Terra Gun SV T3,,,,,,,,,,,,,,,,
HWSTerraGunSVT4,Terra Gun SV T4,,,,,,,,,,,,,,,,
HWSPyroGunSVBlocks,Pyro Gun SV Blocks,,,,,,,,,,,,,,,,
HWSPyroGunSVT1,Pyro Gun SV T1,,,,,,,,,,,,,,,,
HWSPyroGunSVT2,Pyro Gun SV T2,,,,,,,,,,,,,,,,
HWSPyroGunSVT3,Pyro Gun SV T3,,,,,,,,,,,,,,,,
HWSPyroGunSVT4,Pyro Gun SV T4,,,,,,,,,,,,,,,,
HWSObsidianGunSVBlocks,Obsidian Gun SV Blocks,,,,,,,,,,,,,,,,
HWSObsidianGunSVT1,Obsidian Gun SV T1,,,,,,,,,,,,,,,,
HWSObsidianGunSVT2,Obsidian Gun SV T2,,,,,,,,,,,,,,,,
HWSObsidianGunSVT3,Obsidian Gun SV T3,,,,,,,,,,,,,,,,
HWSObsidianGunSVT4,Obsidian Gun SV T4,,,,,,,,,,,,,,,,
HWSLuxGunSVBlocks,Lux Gun SV Blocks,,,,,,,,,,,,,,,,
HWSLuxGunSVT1,Lux Gun SV T1,,,,,,,,,,,,,,,,
HWSLuxGunSVT2,Lux Gun SV T2,,,,,,,,,,,,,,,,
HWSLuxGunSVT3,Lux Gun SV T3,,,,,,,,,,,,,,,,
HWSLuxGunSVT4,Lux Gun SV T4,,,,,,,,,,,,,,,,
HWSNoxGunSVBlocks,Nox Gun SV Blocks,,,,,,,,,,,,,,,,
HWSNoxGunSVT1,Nox Gun SV T1,,,,,,,,,,,,,,,,
HWSNoxGunSVT2,Nox Gun SV T2,,,,,,,,,,,,,,,,
HWSNoxGunSVT3,Nox Gun SV T3,,,,,,,,,,,,,,,,
HWSNoxGunSVT4,Nox Gun SV T4,,,,,,,,,,,,,,,,
HWSStrangeletGunSVBlocks,Strangelet Gun SV Blocks,,,,,,,,,,,,,,,,
HWSStrangeletGunSVT1,Strangelet Gun SV T1,,,,,,,,,,,,,,,,
HWSStrangeletGunSVT2,Strangelet Gun SV T2,,,,,,,,,,,,,,,,
HWSStrangeletGunSVT3,Strangelet Gun SV T3,,,,,,,,,,,,,,,,
HWSStrangeletGunSVT4,Strangelet Gun SV T4,,,,,,,,,,,,,,,,
HWSChaosGunSVBlocks,Chaos Gun SV Blocks,,,,,,,,,,,,,,,,
HWSAquaChaosGunSV,Aqua Chaos Gun SV,,,,,,,,,,,,,,,,
HWSTerraChaosGunSV,Terra Chaos Gun SV,,,,,,,,,,,,,,,,
HWSPyroChaosGunSV,Pyro Chaos Gun SV,,,,,,,,,,,,,,,,
HWSObsidianChaosGunSV,Obsidian Chaos Gun SV,,,,,,,,,,,,,,,,
HWSLuxChaosGunSV,Lux Chaos Gun SV,,,,,,,,,,,,,,,,
HWSNoxChaosGunSV,Nox Chaos Gun SV,,,,,,,,,,,,,,,,
HWSStrangeletChaosGunSV,Strangelet Chaos Gun SV,,,,,,,,,,,,,,,,
HWSChaosShieldGeneratorBlocksSmall,Chaos Shield Generator Blocks HV/SV,,,,,,,,,,,,,,,,
HWSChaosShieldGeneratorBlocksLarge,Chaos Shield Generator Blocks BA/CV,,,,,,,,,,,,,,,,
HWSAquaShieldGeneratorSmall,Aqua Shield Generator Small,,,,,,,,,,,,,,,,
HWSAquaShieldGeneratorLarge,Aqua Shield Generator Large,,,,,,,,,,,,,,,,
HWSTerraShieldGeneratorSmall,Terra Shield Generator Small,,,,,,,,,,,,,,,,
HWSTerraShieldGeneratorLarge,Terra Shield Generator Large,,,,,,,,,,,,,,,,
HWSPyroShieldGeneratorSmall,Pyro Shield Generator Small,,,,,,,,,,,,,,,,
HWSPyroShieldGeneratorLarge,Pyro Shield Generator Large,,,,,,,,,,,,,,,,
HWSObsidianShieldGeneratorSmall,Obsidian Shield Generator Small,,,,,,,,,,,,,,,,
HWSObsidianShieldGeneratorLarge,Obsidian Shield Generator Large,,,,,,,,,,,,,,,,
HWSLuxShieldGeneratorSmall,Lux Shield Generator Small,,,,,,,,,,,,,,,,
HWSLuxShieldGeneratorLarge,Lux Shield Generator Large,,,,,,,,,,,,,,,,
HWSNoxShieldGeneratorSmall,Nox Shield Generator Small,,,,,,,,,,,,,,,,
HWSNoxShieldGeneratorLarge,Nox Shield Generator Large,,,,,,,,,,,,,,,,
HWSStrangeletShieldGeneratorSmall,Strangelet Shield Generator Small,,,,,,,,,,,,,,,,
HWSStrangeletShieldGeneratorLarge,Strangelet Shield Generator Large,,,,,,,,,,,,,,,,
HWSShieldCapacityExtenderBase,Shield Capacity Extender BA,,,,,,,,,,,,,,,,
HWSShieldRechargeExtenderBase,Shield Recharge Extender BA,,,,,,,,,,,,,,,,
HWSShieldCapacityExtenderCV,Shield Capacity Extender CV,,,,,,,,,,,,,,,,
HWSShieldRechargeExtenderCV,Shield Recharge Extender CV,,,,,,,,,,,,,,,,
HWSShieldCapacityExtenderHV,Shield Capacity Extender HV,,,,,,,,,,,,,,,,
HWSShieldRechargeExtenderHV,Shield Recharge Extender HV,,,,,,,,,,,,,,,,
HWSShieldCapacityExtenderSV,Shield Capacity Extender SV,,,,,,,,,,,,,,,,
HWSShieldRechargeExtenderSV,Shield Recharge Extender SV,,,,,,,,,,,,,,,,
HWSLiftBlocks,Lift Blocks,,,,,,,,,,,,,,,,
HWSLift1Block,Lift 1-Block,,,,,,,,,,,,,,,,
HWSLift2Block,Lift 2-Block,,,,,,,,,,,,,,,,
HWSLift3Block,Lift 3-Block,,,,,,,,,,,,,,,,
HWSLift4Block,Lift 4-Block,,,,,,,,,,,,,,,,
HWSLift5Block,Lift 5-Block,,,,,,,,,,,,,,,,
HWSButtonLarge,Button Large,,,,,,,,,,,,,,,,
HWSButtonSmall,Button Small,,,,,,,,,,,,,,,,
HWSPlantCapsule,Plant Capsule,,,,,,,,,,,,,,,,
HWSWarpDriveT3,Warp Drive T3,,,,,,,,,,,,,,,,
HWSBOX,BOX,,,,,,,,,,,,,,,,
HWSLootBox,HWS Loot Box 1,,,,,,,,,,,,,,,,
HWSLootBox2,HWS Loot Box 2,,,,,,,,,,,,,,,,
HWSLootBox3,HWS Loot Box 3,,,,,,,,,,,,,,,,
HWSLootBox4,Personal HWS Loot Box,,,,,,,,,,,,,,,,
HWSToxicCrate,Toxic Crate,,,,,,,,,,,,,,,,
HWSLogistics,Logistics,,,,,,,,,,,,,,,,
HWSChaosAqua,Chaos Aqua,,,,,,,,,,,,,,,,
HWSChaosPyro,Chaos Pyro,,,,,,,,,,,,,,,,
HWSChaosTerra,Chaos Terra,,,,,,,,,,,,,,,,
HWSChaosLux,Chaos Lux,,,,,,,,,,,,,,,,
HWSChaosNox,Chaos Nox,,,,,,,,,,,,,,,,
HWSChaosStrangelet,Chaos Strangelet,,,,,,,,,,,,,,,,
HWSCaptureTheFlag,CaptureTheFlag,,,,,,,,,,,,,,,,
HWSBlockFireworkBees,Firework Bees,,,,,,,,,,,,,,,,
HWSBlockFireworkComet2,Firework Comet2,,,,,,,,,,,,,,,,
HWSBlockFireworkComet,Firework Comet,,,,,,,,,,,,,,,,
HWSBlockFireworkCrossover,Firework Crossover,,,,,,,,,,,,,,,,
HWSBlockFireworkGeorgine,Firework Georgine,,,,,,,,,,,,,,,,
HWSBlockFireworkGold,Firework Gold,,,,,,,,,,,,,,,,
HWSBlockFireworkMine2,Firework Mine2,,,,,,,,,,,,,,,,
HWSBlockFireworkMine,Firework Mine,,,,,,,,,,,,,,,,
HWSBlockFireworkMinion,Firework Minion,,,,,,,,,,,,,,,,
HWSBlockFireworkOsier,Firework Osier,,,,,,,,,,,,,,,,
HWSBlockFireworkPalm,Firework Palm,,,,,,,,,,,,,,,,
HWSBlockFireworkPion,Firework Pion,,,,,,,,,,,,,,,,
HWSBlockFireworkRainbow,Firework Rainbow,,,,,,,,,,,,,,,,
HWSBlockFireworkRedPion,Firework RedPion,,,,,,,,,,,,,,,,
HWSBlockFireworkScarlet,Firework Scarlet,,,,,,,,,,,,,,,,
HWSBlockFireworkViolet,Firework Violet,,,,,,,,,,,,,,,,
HWSBlockFireworkWhiteFlares,Firework WhiteFlares,,,,,,,,,,,,,,,,
HWSBlockFireworkBlocks,Firework Blocks,,,,,,,,,,,,,,,,
HWSBlockElementalStone,BlockElementalStone,,,,,,,,,,,,,,,,
HWSFishRod,FishRod,,,,,,,,,,,,,,,,
HWSFishBait,FishBait,,,,,,,,,,,,,,,,
HWSFish,Fish,,,,,,,,,,,,,,,,
HWSAquaGun,Aqua Gun,,,,,,,,,,,,,,,,
HWSTerraGun,Terra Gun,,,,,,,,,,,,,,,,
HWSPyroGun,Pyro Gun,,,,,,,,,,,,,,,,
HWSObsidianGun,Obsidian Gun,,,,,,,,,,,,,,,,
HWSLuxGun,Lux Gun,,,,,,,,,,,,,,,,
HWSNoxGun,Nox Gun,,,,,,,,,,,,,,,,
HWSStrangeletGun,Strangelet Gun,,,,,,,,,,,,,,,,
HWSAquaGunAmmo,Aqua Gun Ammo,,,,,,,,,,,,,,,,
HWSTerraGunAmmo,Terra Gun Ammo,,,,,,,,,,,,,,,,
HWSPyroGunAmmo,Pyro Gun Ammo,,,,,,,,,,,,,,,,
HWSObsidianGunAmmo,Obsidian Gun Ammo,,,,,,,,,,,,,,,,
HWSLuxGunAmmo,Lux Gun Ammo,,,,,,,,,,,,,,,,
HWSNoxGunAmmo,Nox Gun Ammo,,,,,,,,,,,,,,,,
HWSStrangeletGunAmmo,Strangelet Gun Ammo,,,,,,,,,,,,,,,,
HWSAquaElementalAmmo,Aqua Elemental Ammo,,,,,,,,,,,,,,,,
HWSTerraElementalAmmo,Terra Elemental Ammo,,,,,,,,,,,,,,,,
HWSPyroElementalAmmo,Pyro Elemental Ammo,,,,,,,,,,,,,,,,
HWSObsidianElementalAmmo,Obsidian Elemental Ammo,,,,,,,,,,,,,,,,
HWSLuxElementalAmmo,Lux Elemental Ammo,,,,,,,,,,,,,,,,
HWSNoxElementalAmmo,Nox Elemental Ammo,,,,,,,,,,,,,,,,
HWSStrangeletElementalAmmo,Strangelet Elemental Ammo,,,,,,,,,,,,,,,,
HWSAquaBAT1Ammo,Aqua BA T1 Ammo,,,,,,,,,,,,,,,,
HWSAquaBAT2Ammo,Aqua BA T2 Ammo,,,,,,,,,,,,,,,,
HWSAquaBAT3Ammo,Aqua BA T3 Ammo,,,,,,,,,,,,,,,,
HWSAquaBAT4Ammo,Aqua BA T4 Ammo,,,,,,,,,,,,,,,,
HWSAquaBAT5Ammo,Aqua BA T5 Ammo,,,,,,,,,,,,,,,,
HWSTerraBAT1Ammo,Terra BA T1 Ammo,,,,,,,,,,,,,,,,
HWSTerraBAT2Ammo,Terra BA T2 Ammo,,,,,,,,,,,,,,,,
HWSTerraBAT3Ammo,Terra BA T3 Ammo,,,,,,,,,,,,,,,,
HWSTerraBAT4Ammo,Terra BA T4 Ammo,,,,,,,,,,,,,,,,
HWSTerraBAT5Ammo,Terra BA T5 Ammo,,,,,,,,,,,,,,,,
HWSPyroBAT1Ammo,Pyro BA T1 Ammo,,,,,,,,,,,,,,,,
HWSPyroBAT2Ammo,Pyro BA T2 Ammo,,,,,,,,,,,,,,,,
HWSPyroBAT3Ammo,Pyro BA T3 Ammo,,,,,,,,,,,,,,,,
HWSPyroBAT4Ammo,Pyro BA T4 Ammo,,,,,,,,,,,,,,,,
HWSPyroBAT5Ammo,Pyro BA T5 Ammo,,,,,,,,,,,,,,,,
HWSObsidianBAT1Ammo,Obsidian BA T1 Ammo,,,,,,,,,,,,,,,,
HWSObsidianBAT2Ammo,Obsidian BA T2 Ammo,,,,,,,,,,,,,,,,
HWSObsidianBAT3Ammo,Obsidian BA T3 Ammo,,,,,,,,,,,,,,,,
HWSObsidianBAT4Ammo,Obsidian BA T4 Ammo,,,,,,,,,,,,,,,,
HWSObsidianBAT5Ammo,Obsidian BA T5 Ammo,,,,,,,,,,,,,,,,
HWSLuxBAT1Ammo,Lux BA T1 Ammo,,,,,,,,,,,,,,,,
HWSLuxBAT2Ammo,Lux BA T2 Ammo,,,,,,,,,,,,,,,,
HWSLuxBAT3Ammo,Lux BA T3 Ammo,,,,,,,,,,,,,,,,
HWSLuxBAT4Ammo,Lux BA T4 Ammo,,,,,,,,,,,,,,,,
HWSLuxBAT5Ammo,Lux BA T5 Ammo,,,,,,,,,,,,,,,,
HWSNoxBAT1Ammo,Nox BA T1 Ammo,,,,,,,,,,,,,,,,
HWSNoxBAT2Ammo,Nox BA T2 Ammo,,,,,,,,,,,,,,,,
HWSNoxBAT3Ammo,Nox BA T3 Ammo,,,,,,,,,,,,,,,,
HWSNoxBAT4Ammo,Nox BA T4 Ammo,,,,,,,,,,,,,,,,
HWSNoxBAT5Ammo,Nox BA T5 Ammo,,,,,,,,,,,,,,,,
HWSStrangeletBAT1Ammo,Strangelet BA T1 Ammo,,,,,,,,,,,,,,,,
HWSStrangeletBAT2Ammo,Strangelet BA T2 Ammo,,,,,,,,,,,,,,,,
HWSStrangeletBAT3Ammo,Strangelet BA T3 Ammo,,,,,,,,,,,,,,,,
HWSStrangeletBAT4Ammo,Strangelet BA T4 Ammo,,,,,,,,,,,,,,,,
HWSStrangeletBAT5Ammo,Strangelet BA T5 Ammo,,,,,,,,,,,,,,,,
HWSAquaCVT1Ammo,Aqua CV T1 Ammo,,,,,,,,,,,,,,,,
HWSAquaCVT2Ammo,Aqua CV T2 Ammo,,,,,,,,,,,,,,,,
HWSAquaCVT3Ammo,Aqua CV T3 Ammo,,,,,,,,,,,,,,,,
HWSAquaCVT4Ammo,Aqua CV T4 Ammo,,,,,,,,,,,,,,,,
HWSTerraCVT1Ammo,Terra CV T1 Ammo,,,,,,,,,,,,,,,,
HWSTerraCVT2Ammo,Terra CV T2 Ammo,,,,,,,,,,,,,,,,
HWSTerraCVT3Ammo,Terra CV T3 Ammo,,,,,,,,,,,,,,,,
HWSTerraCVT4Ammo,Terra CV T4 Ammo,,,,,,,,,,,,,,,,
HWSPyroCVT1Ammo,Pyro CV T1 Ammo,,,,,,,,,,,,,,,,
HWSPyroCVT2Ammo,Pyro CV T2 Ammo,,,,,,,,,,,,,,,,
HWSPyroCVT3Ammo,Pyro CV T3 Ammo,,,,,,,,,,,,,,,,
HWSPyroCVT4Ammo,Pyro CV T4 Ammo,,,,,,,,,,,,,,,,
HWSObsidianCVT1Ammo,Obsidian CV T1 Ammo,,,,,,,,,,,,,,,,
HWSObsidianCVT2Ammo,Obsidian CV T2 Ammo,,,,,,,,,,,,,,,,
HWSObsidianCVT3Ammo,Obsidian CV T3 Ammo,,,,,,,,,,,,,,,,
HWSObsidianCVT4Ammo,Obsidian CV T4 Ammo,,,,,,,,,,,,,,,,
HWSLuxCVT1Ammo,Lux CV T1 Ammo,,,,,,,,,,,,,,,,
HWSLuxCVT2Ammo,Lux CV T2 Ammo,,,,,,,,,,,,,,,,
HWSLuxCVT3Ammo,Lux CV T3 Ammo,,,,,,,,,,,,,,,,
HWSLuxCVT4Ammo,Lux CV T4 Ammo,,,,,,,,,,,,,,,,
HWSNoxCVT1Ammo,Nox CV T1 Ammo,,,,,,,,,,,,,,,,
HWSNoxCVT2Ammo,Nox CV T2 Ammo,,,,,,,,,,,,,,,,
HWSNoxCVT3Ammo,Nox CV T3 Ammo,,,,,,,,,,,,,,,,
HWSNoxCVT4Ammo,Nox CV T4 Ammo,,,,,,,,,,,,,,,,
HWSStrangeletCVT1Ammo,Strangelet CV T1 Ammo,,,,,,,,,,,,,,,,
HWSStrangeletCVT2Ammo,Strangelet CV T2 Ammo,,,,,,,,,,,,,,,,
HWSStrangeletCVT3Ammo,Strangelet CV T3 Ammo,,,,,,,,,,,,,,,,
HWSStrangeletCVT4Ammo,Strangelet CV T4 Ammo,,,,,,,,,,,,,,,,
HWSAquaHVT1Ammo,Aqua HV T1 Ammo,,,,,,,,,,,,,,,,
HWSAquaHVT2Ammo,Aqua HV T2 Ammo,,,,,,,,,,,,,,,,
HWSAquaHVT3Ammo,Aqua HV T3 Ammo,,,,,,,,,,,,,,,,
HWSAquaHVT4Ammo,Aqua HV T4 Ammo,,,,,,,,,,,,,,,,
HWSTerraHVT1Ammo,Terra HV T1 Ammo,,,,,,,,,,,,,,,,
HWSTerraHVT2Ammo,Terra HV T2 Ammo,,,,,,,,,,,,,,,,
HWSTerraHVT3Ammo,Terra HV T3 Ammo,,,,,,,,,,,,,,,,
HWSTerraHVT4Ammo,Terra HV T4 Ammo,,,,,,,,,,,,,,,,
HWSPyroHVT1Ammo,Pyro HV T1 Ammo,,,,,,,,,,,,,,,,
HWSPyroHVT2Ammo,Pyro HV T2 Ammo,,,,,,,,,,,,,,,,
HWSPyroHVT3Ammo,Pyro HV T3 Ammo,,,,,,,,,,,,,,,,
HWSPyroHVT4Ammo,Pyro HV T4 Ammo,,,,,,,,,,,,,,,,
HWSObsidianHVT1Ammo,Obsidian HV T1 Ammo,,,,,,,,,,,,,,,,
HWSObsidianHVT2Ammo,Obsidian HV T2 Ammo,,,,,,,,,,,,,,,,
HWSObsidianHVT3Ammo,Obsidian HV T3 Ammo,,,,,,,,,,,,,,,,
HWSObsidianHVT4Ammo,Obsidian HV T4 Ammo,,,,,,,,,,,,,,,,
HWSLuxHVT1Ammo,Lux HV T1 Ammo,,,,,,,,,,,,,,,,
HWSLuxHVT2Ammo,Lux HV T2 Ammo,,,,,,,,,,,,,,,,
HWSLuxHVT3Ammo,Lux HV T3 Ammo,,,,,,,,,,,,,,,,
HWSLuxHVT4Ammo,Lux HV T4 Ammo,,,,,,,,,,,,,,,,
HWSNoxHVT1Ammo,Nox HV T1 Ammo,,,,,,,,,,,,,,,,
HWSNoxHVT2Ammo,Nox HV T2 Ammo,,,,,,,,,,,,,,,,
HWSNoxHVT3Ammo,Nox HV T3 Ammo,,,,,,,,,,,,,,,,
HWSNoxHVT4Ammo,Nox HV T4 Ammo,,,,,,,,,,,,,,,,
HWSStrangeletHVT1Ammo,Strangelet HV T1 Ammo,,,,,,,,,,,,,,,,
HWSStrangeletHVT2Ammo,Strangelet HV T2 Ammo,,,,,,,,,,,,,,,,
HWSStrangeletHVT3Ammo,Strangelet HV T3 Ammo,,,,,,,,,,,,,,,,
HWSStrangeletHVT4Ammo,Strangelet HV T4 Ammo,,,,,,,,,,,,,,,,
HWSAquaSVT1Ammo,Aqua SV T1 Ammo,,,,,,,,,,,,,,,,
HWSAquaSVT2Ammo,Aqua SV T2 Ammo,,,,,,,,,,,,,,,,
HWSAquaSVT3Ammo,Aqua SV T3 Ammo,,,,,,,,,,,,,,,,
HWSAquaSVT4Ammo,Aqua SV T4 Ammo,,,,,,,,,,,,,,,,
HWSTerraSVT1Ammo,Terra SV T1 Ammo,,,,,,,,,,,,,,,,
HWSTerraSVT2Ammo,Terra SV T2 Ammo,,,,,,,,,,,,,,,,
HWSTerraSVT3Ammo,Terra SV T3 Ammo,,,,,,,,,,,,,,,,
HWSTerraSVT4Ammo,Terra SV T4 Ammo,,,,,,,,,,,,,,,,
HWSPyroSVT1Ammo,Pyro SV T1 Ammo,,,,,,,,,,,,,,,,
HWSPyroSVT2Ammo,Pyro SV T2 Ammo,,,,,,,,,,,,,,,,
HWSPyroSVT3Ammo,Pyro SV T3 Ammo,,,,,,,,,,,,,,,,
HWSPyroSVT4Ammo,Pyro SV T4 Ammo,,,,,,,,,,,,,,,,
HWSObsidianSVT1Ammo,Obsidian SV T1 Ammo,,,,,,,,,,,,,,,,
HWSObsidianSVT2Ammo,Obsidian SV T2 Ammo,,,,,,,,,,,,,,,,
HWSObsidianSVT3Ammo,Obsidian SV T3 Ammo,,,,,,,,,,,,,,,,
HWSObsidianSVT4Ammo,Obsidian SV T4 Ammo,,,,,,,,,,,,,,,,
HWSLuxSVT1Ammo,Lux SV T1 Ammo,,,,,,,,,,,,,,,,
HWSLuxSVT2Ammo,Lux SV T2 Ammo,,,,,,,,,,,,,,,,
HWSLuxSVT3Ammo,Lux SV T3 Ammo,,,,,,,,,,,,,,,,
HWSLuxSVT4Ammo,Lux SV T4 Ammo,,,,,,,,,,,,,,,,
HWSNoxSVT1Ammo,Nox SV T1 Ammo,,,,,,,,,,,,,,,,
HWSNoxSVT2Ammo,Nox SV T2 Ammo,,,,,,,,,,,,,,,,
HWSNoxSVT3Ammo,Nox SV T3 Ammo,,,,,,,,,,,,,,,,
HWSNoxSVT4Ammo,Nox SV T4 Ammo,,,,,,,,,,,,,,,,
HWSStrangeletSVT1Ammo,Strangelet SV T1 Ammo,,,,,,,,,,,,,,,,
HWSStrangeletSVT2Ammo,Strangelet SV T2 Ammo,,,,,,,,,,,,,,,,
HWSStrangeletSVT3Ammo,Strangelet SV T3 Ammo,,,,,,,,,,,,,,,,
HWSStrangeletSVT4Ammo,Strangelet SV T4 Ammo,,,,,,,,,,,,,,,,
HWSAquaChaosTurretBAAmmo,Aqua Chaos Turret BA Ammo,,,,,,,,,,,,,,,,
HWSTerraChaosTurretBAAmmo,Terra Chaos Turret BA Ammo,,,,,,,,,,,,,,,,
HWSPyroChaosTurretBAAmmo,Pyro Chaos Turret BA Ammo,,,,,,,,,,,,,,,,
HWSObsidianChaosTurretBAAmmo,Obsidian Chaos Turret BA Ammo,,,,,,,,,,,,,,,,
HWSLuxChaosTurretBAAmmo,Lux Chaos Turret BA Ammo,,,,,,,,,,,,,,,,
HWSNoxChaosTurretBAAmmo,Nox Chaos Turret BA Ammo,,,,,,,,,,,,,,,,
HWSStrangeletChaosTurretBAAmmo,Strangelet Chaos Turret BA Ammo,,,,,,,,,,,,,,,,
HWSAquaChaosTurretCVAmmo,Aqua Chaos Turret CV Ammo,,,,,,,,,,,,,,,,
HWSTerraChaosTurretCVAmmo,Terra Chaos Turret CV Ammo,,,,,,,,,,,,,,,,
HWSPyroChaosTurretCVAmmo,Pyro Chaos Turret CV Ammo,,,,,,,,,,,,,,,,
HWSObsidianChaosTurretCVAmmo,Obsidian Chaos Turret CV Ammo,,,,,,,,,,,,,,,,
HWSLuxChaosTurretCVAmmo,Lux Chaos Turret CV Ammo,,,,,,,,,,,,,,,,
HWSNoxChaosTurretCVAmmo,Nox Chaos Turret CV Ammo,,,,,,,,,,,,,,,,
HWSStrangeletChaosTurretCVAmmo,Strangelet Chaos Turret CV Ammo,,,,,,,,,,,,,,,,
HWSAquaChaosTurretHVAmmo,Aqua Chaos Turret HV Ammo,,,,,,,,,,,,,,,,
HWSTerraChaosTurretHVAmmo,Terra Chaos Turret HV Ammo,,,,,,,,,,,,,,,,
HWSPyroChaosTurretHVAmmo,Pyro Chaos Turret HV Ammo,,,,,,,,,,,,,,,,
HWSObsidianChaosTurretHVAmmo,Obsidian Chaos Turret HV Ammo,,,,,,,,,,,,,,,,
HWSLuxChaosTurretHVAmmo,Lux Chaos Turret HV Ammo,,,,,,,,,,,,,,,,
HWSNoxChaosTurretHVAmmo,Nox Chaos Turret HV Ammo,,,,,,,,,,,,,,,,
HWSStrangeletChaosTurretHVAmmo,Strangelet Chaos Turret HV Ammo,,,,,,,,,,,,,,,,
HWSAquaChaosTurretSVAmmo,Aqua Chaos Turret SV Ammo,,,,,,,,,,,,,,,,
HWSTerraChaosTurretSVAmmo,Terra Chaos Turret SV Ammo,,,,,,,,,,,,,,,,
HWSPyroChaosTurretSVAmmo,Pyro Chaos Turret SV Ammo,,,,,,,,,,,,,,,,
HWSObsidianChaosTurretSVAmmo,Obsidian Chaos Turret SV Ammo,,,,,,,,,,,,,,,,
HWSLuxChaosTurretSVAmmo,Lux Chaos Turret SV Ammo,,,,,,,,,,,,,,,,
HWSNoxChaosTurretSVAmmo,Nox Chaos Turret SV Ammo,,,,,,,,,,,,,,,,
HWSStrangeletChaosTurretSVAmmo,Strangelet Chaos Turret SV Ammo,,,,,,,,,,,,,,,,
HWSAquaChaosGunSVAmmo,Aqua Chaos Gun SV Ammo,,,,,,,,,,,,,,,,
HWSTerraChaosGunSVAmmo,Terra Chaos Gun SV Ammo,,,,,,,,,,,,,,,,
HWSPyroChaosGunSVAmmo,Pyro Chaos Gun SV Ammo,,,,,,,,,,,,,,,,
HWSObsidianChaosGunSVAmmo,Obsidian Chaos Gun SV Ammo,,,,,,,,,,,,,,,,
HWSLuxChaosGunSVAmmo,Lux Chaos Gun SV Ammo,,,,,,,,,,,,,,,,
HWSNoxChaosGunSVAmmo,Nox Chaos Gun SV Ammo,,,,,,,,,,,,,,,,
HWSStrangeletChaosGunSVAmmo,Strangelet Chaos Gun SV Ammo,,,,,,,,,,,,,,,,
HWSOriginGunAmmo,Origin Gun Ammo,,,,,,,,,,,,,,,,
HWSElementAquaFluid,Aqua Fluid Element,,,,,,,,,,,,,,,,
HWSElementAquaGas,Aqua Gas Element,,,,,,,,,,,,,,,,
HWSElementAquaSolid,Aqua Solid Element,,,,,,,,,,,,,,,,
HWSElementAquaCrystal,Aqua Crystal,,,,,,,,,,,,,,,,
HWSElementAquaEssence,Aqua Essence,,,,,,,,,,,,,,,,
HWSElementPyroFluid,Pyro Fluid Element,,,,,,,,,,,,,,,,
HWSElementPyroGas,Pyro Gas Element,,,,,,,,,,,,,,,,
HWSElementPyroSolid,Pyro Solid Element,,,,,,,,,,,,,,,,
HWSElementPyroCrystal,Pyro Crystal,,,,,,,,,,,,,,,,
HWSElementPyroEssence,Pyro Essence,,,,,,,,,,,,,,,,
HWSElementTerraFluid,Terra Fluid Element,,,,,,,,,,,,,,,,
HWSElementTerraGas,Terra Gas Element,,,,,,,,,,,,,,,,
HWSElementTerraSolid,Terra Solid Element,,,,,,,,,,,,,,,,
HWSElementTerraCrystal,Terra Crystal,,,,,,,,,,,,,,,,
HWSElementTerraEssence,Terra Essence,,,,,,,,,,,,,,,,
HWSElementLuxFluid,Lux Fluid Element,,,,,,,,,,,,,,,,
HWSElementLuxGas,Lux Gas Element,,,,,,,,,,,,,,,,
HWSElementLuxSolid,Lux Solid Element,,,,,,,,,,,,,,,,
HWSElementLuxCrystal,Lux Crystal,,,,,,,,,,,,,,,,
HWSElementLuxEssence,Lux Essence,,,,,,,,,,,,,,,,
HWSElementNoxFluid,Nox Fluid Element,,,,,,,,,,,,,,,,
HWSElementNoxGas,Nox Gas Element,,,,,,,,,,,,,,,,
HWSElementNoxSolid,Nox Solid Element,,,,,,,,,,,,,,,,
HWSElementNoxCrystal,Nox Crystal,,,,,,,,,,,,,,,,
HWSElementNoxEssence,Nox Essence,,,,,,,,,,,,,,,,
HWSElementStrangelet,Strangelet,,,,,,,,,,,,,,,,
HWSElementStrangeletRefined,Refined Strangelet,,,,,,,,,,,,,,,,
HWSTungstenOre,Tungsten Ore,,,,,,,,,,,,,,,,
HWSTungstenIngot,Tungsten Ingot,,,,,,,,,,,,,,,,
HWSChromiteOre,Chromite Ore,,,,,,,,,,,,,,,,
mapHWSChromiteResource,Chromite,,,,,,,,,,,,,,,,
HWSChromiteResource,Chromite Deposit,,,,,,,,,,,,,,,,
HWSChromium,Chromium,,,,,,,,,,,,,,,,
HWSBismuthOre,Bismuth Ore,,,,,,,,,,,,,,,,
HWSBismuthIngot,Bismuth Ingot,,,,,,,,,,,,,,,,
HWSElementalWater,Elemental Water,,,,,,,,,,,,,,,,
HWSElementalSpice,Elemental Spice,,,,,,,,,,,,,,,,
HWSColtan,Coltan,,,,,,,,,,,,,,,,
HWSTantal,Tantal,,,,,,,,,,,,,,,,
HWSCarbonOre,Carbon Ore,,,,,,,,,,,,,,,,
HWSBismuthResource,Bismuth Deposit,,,,,,,,,,,,,,,,
HWSColtanResource,Coltan Deposit,,,,,,,,,,,,,,,,
HWSTungstenResource,Tungsten Deposit,,,,,,,,,,,,,,,,
mapHWSTungstenResource,Tungsten,,,,,,,,,,,,,,,,
mapHWSBismuthResource,Bismuth,,,,,,,,,,,,,,,,
mapHWSColtanResource,Coltan,,,,,,,,,,,,,,,,
btnTutorial,HWS Story,,,,,,,,,,,,,,,,
btnSinglePlayerMissions,Missions,,,,,,,,,,,,,,,,
EGSWebRouterCharge,EGS Web Router Charge
HWS_ItemInfo_EGSWebRouterCharge,You can use this item to recharge your EGS Web Router, by accessing the EGS Web Tools.
EGSWebPremium,EGS Web Premium (1h)
HWS_ItemInfo_EGSWebPremium,Each of these can be exchanged for 1 hour of EGS Web Premium in the EGS Web Tools site.
HWS_ItemInfo_II_Ticket,Tickets can be used in the Item Investments.
ItemInvestmentTicket,Ticket
HWS_Radar_Group,* HWS PvP Radar,,,,,,,,,,,,,,,,
HWS_Radar_Info,"This special Radar generates daily credits and Origin XP, if it's installed on a base in a PvP playfield. (Only on HWS)\nConditions for the rewards are:\n- Your structure needs to be a Base\n- Your structure needs to be set to your Faction\n- Your structure needs to have 1000 Blocks or more\n- Your structure needs to be above Bedrock (> 0 Y-coordinate)\n- Your structure needs to be powered\n- Your structure needs to survive at least for 24 hours"," Dieses spezielle Radar generiert täglich Credits und Origin XP, wenn es auf einer Basis in einem PvP Playfield installiert wird. (Nur in HWS)\nBedingungen für die Prämien sind:\n- Ihre Struktur muss eine Basis sein\n- Ihre Struktur muss auf Ihre Fraktion eingestellt sein\n- Ihre Struktur muss 1000 Blöcke oder mehr haben\n- Ihre Struktur muss sich über Bedrock befinden (> 0 Y-Koordinate)\n- Ihre Struktur muss mit Strom versorgt werden\n- Ihre Struktur muss mindestens 24 Stunden überleben",,,,,,,,,,,,,,,
HWS_ElementalFurnace_Info,This is a special device for HWS Garage ships. A Furnace for all structure types.
HWS_ElementalConstructor_Info,This is a special device for HWS Garage ships. An Advanced Constructor for all structure types.


